Index,Test Name,Version,Sample Group Name,Unit,Increase Is Better,Min,Max,Median,Average,Standard Deviation,Sum,Values
0,"Scaffold.Maps.Tests.Performance.MapIndexerBulkRebuildBench.BulkAdd_AfterFiveIndexers_Count_10",1,"Time","Nanosecond",No,12136,14790,12483.5,12628.7,555.737626942787,252574,12142, 12419, 14790, 12555, 12497, 12393, 12370, 12783, 13141, 12599, 12816, 12407, 12136, 12495, 12488, 12398, 12479, 12998, 12189, 12479
1,"Scaffold.Maps.Tests.Performance.MapIndexerBulkRebuildBench.BulkAdd_AfterFiveIndexers_Count_10",1,"Allocated","Byte",No,0,0,0,0,0,0,0, 0, 0, 0, 0, 0, 0, 0, 0, 0, 0, 0, 0, 0, 0, 0, 0, 0, 0, 0
2,"Scaffold.Maps.Tests.Performance.MapIndexerBulkRebuildBench.BulkAdd_AfterFiveIndexers_Count_10",1,"Gen0","Undefined",No,0,0,0,0,0,0,0, 0, 0, 0, 0, 0, 0, 0, 0, 0, 0, 0, 0, 0, 0, 0, 0, 0, 0, 0
3,"Scaffold.Maps.Tests.Performance.MapIndexerBulkRebuildBench.BulkAdd_AfterFiveIndexers_Count_10",1,"Gen1","Undefined",No,0,0,0,0,0,0,0, 0, 0, 0, 0, 0, 0, 0, 0, 0, 0, 0, 0, 0, 0, 0, 0, 0, 0, 0
4,"Scaffold.Maps.Tests.Performance.MapIndexerBulkRebuildBench.BulkAdd_AfterFiveIndexers_Count_10",1,"Gen2","Undefined",No,0,0,0,0,0,0,0, 0, 0, 0, 0, 0, 0, 0, 0, 0, 0, 0, 0, 0, 0, 0, 0, 0, 0, 0
5,"Scaffold.Maps.Tests.Performance.MapIndexerBulkRebuildBench.BulkAdd_AfterFiveIndexers_Count_100",1,"Time","Nanosecond",No,12136,174506,81642,82732.75,70223.3139949796,3309310,12142, 12419, 14790, 12555, 12497, 12393, 12370, 12783, 13141, 12599, 12816, 12407, 12136, 12495, 12488, 12398, 12479, 12998, 12189, 12479, 152364, 154904, 153202, 149206, 148846, 152502, 149052, 148494, 154062, 153298, 160686, 149910, 153740, 148738, 150836, 149090, 149580, 150042, 174506, 153678
6,"Scaffold.Maps.Tests.Performance.MapIndexerBulkRebuildBench.BulkAdd_AfterFiveIndexers_Count_100",1,"Allocated","Byte",No,0,0,0,0,0,0,0, 0, 0, 0, 0, 0, 0, 0, 0, 0, 0, 0, 0, 0, 0, 0, 0, 0, 0, 0, 0, 0, 0, 0, 0, 0, 0, 0, 0, 0, 0, 0, 0, 0, 0, 0, 0, 0, 0, 0
7,"Scaffold.Maps.Tests.Performance.MapIndexerBulkRebuildBench.BulkAdd_AfterFiveIndexers_Count_100",1,"Gen0","Undefined",No,0,0,0,0,0,0,0, 0, 0, 0, 0, 0, 0, 0, 0, 0, 0, 0, 0, 0, 0, 0, 0, 0, 0, 0, 0, 0, 0, 0, 0, 0, 0, 0, 0, 0, 0, 0, 0, 0, 0, 0, 0, 0, 0, 0
8,"Scaffold.Maps.Tests.Performance.MapIndexerBulkRebuildBench.BulkAdd_AfterFiveIndexers_Count_100",1,"Gen1","Undefined",No,0,0,0,0,0,0,0, 0, 0, 0, 0, 0, 0, 0, 0, 0, 0, 0, 0, 0, 0, 0, 0, 0, 0, 0, 0, 0, 0, 0, 0, 0, 0, 0, 0, 0, 0, 0, 0, 0, 0, 0, 0, 0, 0, 0
9,"Scaffold.Maps.Tests.Performance.MapIndexerBulkRebuildBench.BulkAdd_AfterFiveIndexers_Count_100",1,"Gen2","Undefined",No,0,0,0,0,0,0,0, 0, 0, 0, 0, 0, 0, 0, 0, 0, 0, 0, 0, 0, 0, 0, 0, 0, 0, 0, 0, 0, 0, 0, 0, 0, 0, 0, 0, 0, 0, 0, 0, 0, 0, 0, 0, 0, 0, 0
10,"Scaffold.Maps.Tests.Performance.MapIndexerBulkRebuildBench.BulkAdd_AfterFiveIndexers_Count_1000",1,"Time","Nanosecond",No,12136,7444220,151600,2369591.66666667,3236079.14539693,142175500,12142, 12419, 14790, 12555, 12497, 12393, 12370, 12783, 13141, 12599, 12816, 12407, 12136, 12495, 12488, 12398, 12479, 12998, 12189, 12479, 152364, 154904, 153202, 149206, 148846, 152502, 149052, 148494, 154062, 153298, 160686, 149910, 153740, 148738, 150836, 149090, 149580, 150042, 174506, 153678, 6842610, 6844770, 6913600, 6758860, 6893230, 6694770, 6880190, 6972800, 7224250, 7119530, 6793470, 6936490, 7003890, 6820600, 6835890, 7075060, 6846630, 6959770, 7005560, 7444220
11,"Scaffold.Maps.Tests.Performance.MapIndexerBulkRebuildBench.BulkAdd_AfterFiveIndexers_Count_1000",1,"Allocated","Byte",No,0,0,0,0,0,0,0, 0, 0, 0, 0, 0, 0, 0, 0, 0, 0, 0, 0, 0, 0, 0, 0, 0, 0, 0, 0, 0, 0, 0, 0, 0, 0, 0, 0, 0, 0, 0, 0, 0, 0, 0, 0, 0, 0, 0, 0, 0, 0, 0, 0, 0, 0, 0, 0, 0, 0, 0, 0, 0, 0, 0, 0, 0, 0, 0
12,"Scaffold.Maps.Tests.Performance.MapIndexerBulkRebuildBench.BulkAdd_AfterFiveIndexers_Count_1000",1,"Gen0","Undefined",No,0,0,0,0,0,0,0, 0, 0, 0, 0, 0, 0, 0, 0, 0, 0, 0, 0, 0, 0, 0, 0, 0, 0, 0, 0, 0, 0, 0, 0, 0, 0, 0, 0, 0, 0, 0, 0, 0, 0, 0, 0, 0, 0, 0, 0, 0, 0, 0, 0, 0, 0, 0, 0, 0, 0, 0, 0, 0, 0, 0, 0, 0, 0, 0
13,"Scaffold.Maps.Tests.Performance.MapIndexerBulkRebuildBench.BulkAdd_AfterFiveIndexers_Count_1000",1,"Gen1","Undefined",No,0,0,0,0,0,0,0, 0, 0, 0, 0, 0, 0, 0, 0, 0, 0, 0, 0, 0, 0, 0, 0, 0, 0, 0, 0, 0, 0, 0, 0, 0, 0, 0, 0, 0, 0, 0, 0, 0, 0, 0, 0, 0, 0, 0, 0, 0, 0, 0, 0, 0, 0, 0, 0, 0, 0, 0, 0, 0, 0, 0, 0, 0, 0, 0
14,"Scaffold.Maps.Tests.Performance.MapIndexerBulkRebuildBench.BulkAdd_AfterFiveIndexers_Count_1000",1,"Gen2","Undefined",No,0,0,0,0,0,0,0, 0, 0, 0, 0, 0, 0, 0, 0, 0, 0, 0, 0, 0, 0, 0, 0, 0, 0, 0, 0, 0, 0, 0, 0, 0, 0, 0, 0, 0, 0, 0, 0, 0, 0, 0, 0, 0, 0, 0, 0, 0, 0, 0, 0, 0, 0, 0, 0, 0, 0, 0, 0, 0, 0, 0, 0, 0, 0, 0
15,"Scaffold.Maps.Tests.Performance.MapIndexerValuesBench.Indexer_Values_PerRead_Count10",1,"Time","Nanosecond",No,428.32,7444220,81642,1777310.979375,2984383.59046682,142184878.35,12142, 12419, 14790, 12555, 12497, 12393, 12370, 12783, 13141, 12599, 12816, 12407, 12136, 12495, 12488, 12398, 12479, 12998, 12189, 12479, 152364, 154904, 153202, 149206, 148846, 152502, 149052, 148494, 154062, 153298, 160686, 149910, 153740, 148738, 150836, 149090, 149580, 150042, 174506, 153678, 6842610, 6844770, 6913600, 6758860, 6893230, 6694770, 6880190, 6972800, 7224250, 7119530, 6793470, 6936490, 7003890, 6820600, 6835890, 7075060, 6846630, 6959770, 7005560, 7444220, 475.29, 448.95, 459.06, 442.76, 448.26, 470.5, 436.33, 454.17, 460.02, 446.44, 454.47, 470.73, 486.07, 461.67, 428.32, 456.14, 456.39, 734.67, 455.24, 432.87
16,"Scaffold.Maps.Tests.Performance.MapIndexerValuesBench.Indexer_Values_PerRead_Count10",1,"Allocated","Byte",No,0,0,0,0,0,0,0, 0, 0, 0, 0, 0, 0, 0, 0, 0, 0, 0, 0, 0, 0, 0, 0, 0, 0, 0, 0, 0, 0, 0, 0, 0, 0, 0, 0, 0, 0, 0, 0, 0, 0, 0, 0, 0, 0, 0, 0, 0, 0, 0, 0, 0, 0, 0, 0, 0, 0, 0, 0, 0, 0, 0, 0, 0, 0, 0, 0, 0, 0, 0, 0, 0, 0, 0, 0, 0, 0, 0, 0, 0, 0, 0, 0, 0, 0, 0
17,"Scaffold.Maps.Tests.Performance.MapIndexerValuesBench.Indexer_Values_PerRead_Count10",1,"Gen0","Undefined",No,0,0,0,0,0,0,0, 0, 0, 0, 0, 0, 0, 0, 0, 0, 0, 0, 0, 0, 0, 0, 0, 0, 0, 0, 0, 0, 0, 0, 0, 0, 0, 0, 0, 0, 0, 0, 0, 0, 0, 0, 0, 0, 0, 0, 0, 0, 0, 0, 0, 0, 0, 0, 0, 0, 0, 0, 0, 0, 0, 0, 0, 0, 0, 0, 0, 0, 0, 0, 0, 0, 0, 0, 0, 0, 0, 0, 0, 0, 0, 0, 0, 0, 0, 0
18,"Scaffold.Maps.Tests.Performance.MapIndexerValuesBench.Indexer_Values_PerRead_Count10",1,"Gen1","Undefined",No,0,0,0,0,0,0,0, 0, 0, 0, 0, 0, 0, 0, 0, 0, 0, 0, 0, 0, 0, 0, 0, 0, 0, 0, 0, 0, 0, 0, 0, 0, 0, 0, 0, 0, 0, 0, 0, 0, 0, 0, 0, 0, 0, 0, 0, 0, 0, 0, 0, 0, 0, 0, 0, 0, 0, 0, 0, 0, 0, 0, 0, 0, 0, 0, 0, 0, 0, 0, 0, 0, 0, 0, 0, 0, 0, 0, 0, 0, 0, 0, 0, 0, 0, 0
19,"Scaffold.Maps.Tests.Performance.MapIndexerValuesBench.Indexer_Values_PerRead_Count10",1,"Gen2","Undefined",No,0,0,0,0,0,0,0, 0, 0, 0, 0, 0, 0, 0, 0, 0, 0, 0, 0, 0, 0, 0, 0, 0, 0, 0, 0, 0, 0, 0, 0, 0, 0, 0, 0, 0, 0, 0, 0, 0, 0, 0, 0, 0, 0, 0, 0, 0, 0, 0, 0, 0, 0, 0, 0, 0, 0, 0, 0, 0, 0, 0, 0, 0, 0, 0, 0, 0, 0, 0, 0, 0, 0, 0, 0, 0, 0, 0, 0, 0, 0, 0, 0, 0, 0, 0
20,"Scaffold.Maps.Tests.Performance.MapIndexerValuesBench.Indexer_Values_PerRead_Count100",1,"Time","Nanosecond",No,428.32,7444220,12483.5,1422539.9489,2762007.6537594,142253994.89,12142, 12419, 14790, 12555, 12497, 12393, 12370, 12783, 13141, 12599, 12816, 12407, 12136, 12495, 12488, 12398, 12479, 12998, 12189, 12479, 152364, 154904, 153202, 149206, 148846, 152502, 149052, 148494, 154062, 153298, 160686, 149910, 153740, 148738, 150836, 149090, 149580, 150042, 174506, 153678, 6842610, 6844770, 6913600, 6758860, 6893230, 6694770, 6880190, 6972800, 7224250, 7119530, 6793470, 6936490, 7003890, 6820600, 6835890, 7075060, 6846630, 6959770, 7005560, 7444220, 475.29, 448.95, 459.06, 442.76, 448.26, 470.5, 436.33, 454.17, 460.02, 446.44, 454.47, 470.73, 486.07, 461.67, 428.32, 456.14, 456.39, 734.67, 455.24, 432.87, 3411.02, 3324.2, 3356.96, 3317.48, 3393.99, 3374.34, 3480.85, 3658.02, 3640.93, 3342.65, 4407.49, 3398.35, 3403.88, 3378.78, 3404.46, 3346.86, 3358.87, 3419.37, 3354.94, 3343.1
21,"Scaffold.Maps.Tests.Performance.MapIndexerValuesBench.Indexer_Values_PerRead_Count100",1,"Allocated","Byte",No,0,0,0,0,0,0,0, 0, 0, 0, 0, 0, 0, 0, 0, 0, 0, 0, 0, 0, 0, 0, 0, 0, 0, 0, 0, 0, 0, 0, 0, 0, 0, 0, 0, 0, 0, 0, 0, 0, 0, 0, 0, 0, 0, 0, 0, 0, 0, 0, 0, 0, 0, 0, 0, 0, 0, 0, 0, 0, 0, 0, 0, 0, 0, 0, 0, 0, 0, 0, 0, 0, 0, 0, 0, 0, 0, 0, 0, 0, 0, 0, 0, 0, 0, 0, 0, 0, 0, 0, 0, 0, 0, 0, 0, 0, 0, 0, 0, 0, 0, 0, 0, 0, 0, 0
22,"Scaffold.Maps.Tests.Performance.MapIndexerValuesBench.Indexer_Values_PerRead_Count100",1,"Gen0","Undefined",No,0,0,0,0,0,0,0, 0, 0, 0, 0, 0, 0, 0, 0, 0, 0, 0, 0, 0, 0, 0, 0, 0, 0, 0, 0, 0, 0, 0, 0, 0, 0, 0, 0, 0, 0, 0, 0, 0, 0, 0, 0, 0, 0, 0, 0, 0, 0, 0, 0, 0, 0, 0, 0, 0, 0, 0, 0, 0, 0, 0, 0, 0, 0, 0, 0, 0, 0, 0, 0, 0, 0, 0, 0, 0, 0, 0, 0, 0, 0, 0, 0, 0, 0, 0, 0, 0, 0, 0, 0, 0, 0, 0, 0, 0, 0, 0, 0, 0, 0, 0, 0, 0, 0, 0
23,"Scaffold.Maps.Tests.Performance.MapIndexerValuesBench.Indexer_Values_PerRead_Count100",1,"Gen1","Undefined",No,0,0,0,0,0,0,0, 0, 0, 0, 0, 0, 0, 0, 0, 0, 0, 0, 0, 0, 0, 0, 0, 0, 0, 0, 0, 0, 0, 0, 0, 0, 0, 0, 0, 0, 0, 0, 0, 0, 0, 0, 0, 0, 0, 0, 0, 0, 0, 0, 0, 0, 0, 0, 0, 0, 0, 0, 0, 0, 0, 0, 0, 0, 0, 0, 0, 0, 0, 0, 0, 0, 0, 0, 0, 0, 0, 0, 0, 0, 0, 0, 0, 0, 0, 0, 0, 0, 0, 0, 0, 0, 0, 0, 0, 0, 0, 0, 0, 0, 0, 0, 0, 0, 0, 0
24,"Scaffold.Maps.Tests.Performance.MapIndexerValuesBench.Indexer_Values_PerRead_Count100",1,"Gen2","Undefined",No,0,0,0,0,0,0,0, 0, 0, 0, 0, 0, 0, 0, 0, 0, 0, 0, 0, 0, 0, 0, 0, 0, 0, 0, 0, 0, 0, 0, 0, 0, 0, 0, 0, 0, 0, 0, 0, 0, 0, 0, 0, 0, 0, 0, 0, 0, 0, 0, 0, 0, 0, 0, 0, 0, 0, 0, 0, 0, 0, 0, 0, 0, 0, 0, 0, 0, 0, 0, 0, 0, 0, 0, 0, 0, 0, 0, 0, 0, 0, 0, 0, 0, 0, 0, 0, 0, 0, 0, 0, 0, 0, 0, 0, 0, 0, 0, 0, 0, 0, 0, 0, 0, 0, 0
25,"Scaffold.Maps.Tests.Performance.MapIndexerValuesBench.Indexer_Values_PerRead_Count1000",1,"Time","Nanosecond",No,428.32,7444220,23187.365,1190852.4075,2574030.73400625,142902288.9,12142, 12419, 14790, 12555, 12497, 12393, 12370, 12783, 13141, 12599, 12816, 12407, 12136, 12495, 12488, 12398, 12479, 12998, 12189, 12479, 152364, 154904, 153202, 149206, 148846, 152502, 149052, 148494, 154062, 153298, 160686, 149910, 153740, 148738, 150836, 149090, 149580, 150042, 174506, 153678, 6842610, 6844770, 6913600, 6758860, 6893230, 6694770, 6880190, 6972800, 7224250, 7119530, 6793470, 6936490, 7003890, 6820600, 6835890, 7075060, 6846630, 6959770, 7005560, 7444220, 475.29, 448.95, 459.06, 442.76, 448.26, 470.5, 436.33, 454.17, 460.02, 446.44, 454.47, 470.73, 486.07, 461.67, 428.32, 456.14, 456.39, 734.67, 455.24, 432.87, 3411.02, 3324.2, 3356.96, 3317.48, 3393.99, 3374.34, 3480.85, 3658.02, 3640.93, 3342.65, 4407.49, 3398.35, 3403.88, 3378.78, 3404.46, 3346.86, 3358.87, 3419.37, 3354.94, 3343.1, 33191.6, 32055.86, 31708.19, 31806.51, 32763.47, 34112.63, 31584.73, 32889.79, 31732.76, 32179.78, 32259.3, 31980.64, 32548.9, 32199.33, 32996.54, 33127.13, 31778.96, 31793.72, 32607.61, 32976.56
26,"Scaffold.Maps.Tests.Performance.MapIndexerValuesBench.Indexer_Values_PerRead_Count1000",1,"Allocated","Byte",No,0,0,0,0,0,0,0, 0, 0, 0, 0, 0, 0, 0, 0, 0, 0, 0, 0, 0, 0, 0, 0, 0, 0, 0, 0, 0, 0, 0, 0, 0, 0, 0, 0, 0, 0, 0, 0, 0, 0, 0, 0, 0, 0, 0, 0, 0, 0, 0, 0, 0, 0, 0, 0, 0, 0, 0, 0, 0, 0, 0, 0, 0, 0, 0, 0, 0, 0, 0, 0, 0, 0, 0, 0, 0, 0, 0, 0, 0, 0, 0, 0, 0, 0, 0, 0, 0, 0, 0, 0, 0, 0, 0, 0, 0, 0, 0, 0, 0, 0, 0, 0, 0, 0, 0, 0, 0, 0, 0, 0, 0, 0, 0, 0, 0, 0, 0, 0, 0, 0, 0, 0, 0, 0, 0
27,"Scaffold.Maps.Tests.Performance.MapIndexerValuesBench.Indexer_Values_PerRead_Count1000",1,"Gen0","Undefined",No,0,0,0,0,0,0,0, 0, 0, 0, 0, 0, 0, 0, 0, 0, 0, 0, 0, 0, 0, 0, 0, 0, 0, 0, 0, 0, 0, 0, 0, 0, 0, 0, 0, 0, 0, 0, 0, 0, 0, 0, 0, 0, 0, 0, 0, 0, 0, 0, 0, 0, 0, 0, 0, 0, 0, 0, 0, 0, 0, 0, 0, 0, 0, 0, 0, 0, 0, 0, 0, 0, 0, 0, 0, 0, 0, 0, 0, 0, 0, 0, 0, 0, 0, 0, 0, 0, 0, 0, 0, 0, 0, 0, 0, 0, 0, 0, 0, 0, 0, 0, 0, 0, 0, 0, 0, 0, 0, 0, 0, 0, 0, 0, 0, 0, 0, 0, 0, 0, 0, 0, 0, 0, 0, 0
28,"Scaffold.Maps.Tests.Performance.MapIndexerValuesBench.Indexer_Values_PerRead_Count1000",1,"Gen1","Undefined",No,0,0,0,0,0,0,0, 0, 0, 0, 0, 0, 0, 0, 0, 0, 0, 0, 0, 0, 0, 0, 0, 0, 0, 0, 0, 0, 0, 0, 0, 0, 0, 0, 0, 0, 0, 0, 0, 0, 0, 0, 0, 0, 0, 0, 0, 0, 0, 0, 0, 0, 0, 0, 0, 0, 0, 0, 0, 0, 0, 0, 0, 0, 0, 0, 0, 0, 0, 0, 0, 0, 0, 0, 0, 0, 0, 0, 0, 0, 0, 0, 0, 0, 0, 0, 0, 0, 0, 0, 0, 0, 0, 0, 0, 0, 0, 0, 0, 0, 0, 0, 0, 0, 0, 0, 0, 0, 0, 0, 0, 0, 0, 0, 0, 0, 0, 0, 0, 0, 0, 0, 0, 0, 0, 0
29,"Scaffold.Maps.Tests.Performance.MapIndexerValuesBench.Indexer_Values_PerRead_Count1000",1,"Gen2","Undefined",No,0,0,0,0,0,0,0, 0, 0, 0, 0, 0, 0, 0, 0, 0, 0, 0, 0, 0, 0, 0, 0, 0, 0, 0, 0, 0, 0, 0, 0, 0, 0, 0, 0, 0, 0, 0, 0, 0, 0, 0, 0, 0, 0, 0, 0, 0, 0, 0, 0, 0, 0, 0, 0, 0, 0, 0, 0, 0, 0, 0, 0, 0, 0, 0, 0, 0, 0, 0, 0, 0, 0, 0, 0, 0, 0, 0, 0, 0, 0, 0, 0, 0, 0, 0, 0, 0, 0, 0, 0, 0, 0, 0, 0, 0, 0, 0, 0, 0, 0, 0, 0, 0, 0, 0, 0, 0, 0, 0, 0, 0, 0, 0, 0, 0, 0, 0, 0, 0, 0, 0, 0, 0, 0, 0
30,"Scaffold.Maps.Tests.Performance.MapKeyEnumerationBench.GetPrimaryKeys_1000Entries_10000Calls",1,"Time","Nanosecond",No,428.32,7444220,32229.315,1032904.20171429,2414296.09524775,144606588.24,12142, 12419, 14790, 12555, 12497, 12393, 12370, 12783, 13141, 12599, 12816, 12407, 12136, 12495, 12488, 12398, 12479, 12998, 12189, 12479, 152364, 154904, 153202, 149206, 148846, 152502, 149052, 148494, 154062, 153298, 160686, 149910, 153740, 148738, 150836, 149090, 149580, 150042, 174506, 153678, 6842610, 6844770, 6913600, 6758860, 6893230, 6694770, 6880190, 6972800, 7224250, 7119530, 6793470, 6936490, 7003890, 6820600, 6835890, 7075060, 6846630, 6959770, 7005560, 7444220, 475.29, 448.95, 459.06, 442.76, 448.26, 470.5, 436.33, 454.17, 460.02, 446.44, 454.47, 470.73, 486.07, 461.67, 428.32, 456.14, 456.39, 734.67, 455.24, 432.87, 3411.02, 3324.2, 3356.96, 3317.48, 3393.99, 3374.34, 3480.85, 3658.02, 3640.93, 3342.65, 4407.49, 3398.35, 3403.88, 3378.78, 3404.46, 3346.86, 3358.87, 3419.37, 3354.94, 3343.1, 33191.6, 32055.86, 31708.19, 31806.51, 32763.47, 34112.63, 31584.73, 32889.79, 31732.76, 32179.78, 32259.3, 31980.64, 32548.9, 32199.33, 32996.54, 33127.13, 31778.96, 31793.72, 32607.61, 32976.56, 79510.07, 77791.02, 115205.33, 79523.26, 80091.85, 79473.4, 78292.26, 77821.49, 116700.09, 78427.69, 79685.18, 82877.26, 83127.53, 80291.89, 78395.16, 117054.7, 78669.01, 83492.55, 79354.92, 78514.68
31,"Scaffold.Maps.Tests.Performance.MapKeyEnumerationBench.GetPrimaryKeys_1000Entries_10000Calls",1,"Allocated","Byte",No,0,0,0,0,0,0,0, 0, 0, 0, 0, 0, 0, 0, 0, 0, 0, 0, 0, 0, 0, 0, 0, 0, 0, 0, 0, 0, 0, 0, 0, 0, 0, 0, 0, 0, 0, 0, 0, 0, 0, 0, 0, 0, 0, 0, 0, 0, 0, 0, 0, 0, 0, 0, 0, 0, 0, 0, 0, 0, 0, 0, 0, 0, 0, 0, 0, 0, 0, 0, 0, 0, 0, 0, 0, 0, 0, 0, 0, 0, 0, 0, 0, 0, 0, 0, 0, 0, 0, 0, 0, 0, 0, 0, 0, 0, 0, 0, 0, 0, 0, 0, 0, 0, 0, 0, 0, 0, 0, 0, 0, 0, 0, 0, 0, 0, 0, 0, 0, 0, 0, 0, 0, 0, 0, 0, 0, 0, 0, 0, 0, 0, 0, 0, 0, 0, 0, 0, 0, 0, 0, 0, 0, 0, 0, 0
32,"Scaffold.Maps.Tests.Performance.MapKeyEnumerationBench.GetPrimaryKeys_1000Entries_10000Calls",1,"Gen0","Undefined",No,0,3,0,0.428571428571429,1.04978131833565,60,0, 0, 0, 0, 0, 0, 0, 0, 0, 0, 0, 0, 0, 0, 0, 0, 0, 0, 0, 0, 0, 0, 0, 0, 0, 0, 0, 0, 0, 0, 0, 0, 0, 0, 0, 0, 0, 0, 0, 0, 0, 0, 0, 0, 0, 0, 0, 0, 0, 0, 0, 0, 0, 0, 0, 0, 0, 0, 0, 0, 0, 0, 0, 0, 0, 0, 0, 0, 0, 0, 0, 0, 0, 0, 0, 0, 0, 0, 0, 0, 0, 0, 0, 0, 0, 0, 0, 0, 0, 0, 0, 0, 0, 0, 0, 0, 0, 0, 0, 0, 0, 0, 0, 0, 0, 0, 0, 0, 0, 0, 0, 0, 0, 0, 0, 0, 0, 0, 0, 0, 3, 3, 3, 3, 3, 3, 3, 3, 3, 3, 3, 3, 3, 3, 3, 3, 3, 3, 3, 3
33,"Scaffold.Maps.Tests.Performance.MapKeyEnumerationBench.GetPrimaryKeys_1000Entries_10000Calls",1,"Gen1","Undefined",No,0,3,0,0.428571428571429,1.04978131833565,60,0, 0, 0, 0, 0, 0, 0, 0, 0, 0, 0, 0, 0, 0, 0, 0, 0, 0, 0, 0, 0, 0, 0, 0, 0, 0, 0, 0, 0, 0, 0, 0, 0, 0, 0, 0, 0, 0, 0, 0, 0, 0, 0, 0, 0, 0, 0, 0, 0, 0, 0, 0, 0, 0, 0, 0, 0, 0, 0, 0, 0, 0, 0, 0, 0, 0, 0, 0, 0, 0, 0, 0, 0, 0, 0, 0, 0, 0, 0, 0, 0, 0, 0, 0, 0, 0, 0, 0, 0, 0, 0, 0, 0, 0, 0, 0, 0, 0, 0, 0, 0, 0, 0, 0, 0, 0, 0, 0, 0, 0, 0, 0, 0, 0, 0, 0, 0, 0, 0, 0, 3, 3, 3, 3, 3, 3, 3, 3, 3, 3, 3, 3, 3, 3, 3, 3, 3, 3, 3, 3
34,"Scaffold.Maps.Tests.Performance.MapKeyEnumerationBench.GetPrimaryKeys_1000Entries_10000Calls",1,"Gen2","Undefined",No,0,3,0,0.428571428571429,1.04978131833565,60,0, 0, 0, 0, 0, 0, 0, 0, 0, 0, 0, 0, 0, 0, 0, 0, 0, 0, 0, 0, 0, 0, 0, 0, 0, 0, 0, 0, 0, 0, 0, 0, 0, 0, 0, 0, 0, 0, 0, 0, 0, 0, 0, 0, 0, 0, 0, 0, 0, 0, 0, 0, 0, 0, 0, 0, 0, 0, 0, 0, 0, 0, 0, 0, 0, 0, 0, 0, 0, 0, 0, 0, 0, 0, 0, 0, 0, 0, 0, 0, 0, 0, 0, 0, 0, 0, 0, 0, 0, 0, 0, 0, 0, 0, 0, 0, 0, 0, 0, 0, 0, 0, 0, 0, 0, 0, 0, 0, 0, 0, 0, 0, 0, 0, 0, 0, 0, 0, 0, 0, 3, 3, 3, 3, 3, 3, 3, 3, 3, 3, 3, 3, 3, 3, 3, 3, 3, 3, 3, 3
35,"Scaffold.Maps.Tests.Performance.MapKeyEnumerationBench.GetSecondaryKeys_1000Entries_10000Calls",1,"Time","Nanosecond",No,428.32,7444220,55607.685,914399.3924375,2280032.64557027,146303902.79,12142, 12419, 14790, 12555, 12497, 12393, 12370, 12783, 13141, 12599, 12816, 12407, 12136, 12495, 12488, 12398, 12479, 12998, 12189, 12479, 152364, 154904, 153202, 149206, 148846, 152502, 149052, 148494, 154062, 153298, 160686, 149910, 153740, 148738, 150836, 149090, 149580, 150042, 174506, 153678, 6842610, 6844770, 6913600, 6758860, 6893230, 6694770, 6880190, 6972800, 7224250, 7119530, 6793470, 6936490, 7003890, 6820600, 6835890, 7075060, 6846630, 6959770, 7005560, 7444220, 475.29, 448.95, 459.06, 442.76, 448.26, 470.5, 436.33, 454.17, 460.02, 446.44, 454.47, 470.73, 486.07, 461.67, 428.32, 456.14, 456.39, 734.67, 455.24, 432.87, 3411.02, 3324.2, 3356.96, 3317.48, 3393.99, 3374.34, 3480.85, 3658.02, 3640.93, 3342.65, 4407.49, 3398.35, 3403.88, 3378.78, 3404.46, 3346.86, 3358.87, 3419.37, 3354.94, 3343.1, 33191.6, 32055.86, 31708.19, 31806.51, 32763.47, 34112.63, 31584.73, 32889.79, 31732.76, 32179.78, 32259.3, 31980.64, 32548.9, 32199.33, 32996.54, 33127.13, 31778.96, 31793.72, 32607.61, 32976.56, 79510.07, 77791.02, 115205.33, 79523.26, 80091.85, 79473.4, 78292.26, 77821.49, 116700.09, 78427.69, 79685.18, 82877.26, 83127.53, 80291.89, 78395.16, 117054.7, 78669.01, 83492.55, 79354.92, 78514.68, 78692.13, 79436.41, 116629.84, 79764.92, 80897.29, 78629.4, 80294.78, 78605.86, 117865.4, 81160.1, 79658.51, 78100.74, 78088.87, 77102.74, 78166.41, 115909.11, 78719.09, 82711.93, 78738.26, 78142.76
36,"Scaffold.Maps.Tests.Performance.MapKeyEnumerationBench.GetSecondaryKeys_1000Entries_10000Calls",1,"Allocated","Byte",No,0,0,0,0,0,0,0, 0, 0, 0, 0, 0, 0, 0, 0, 0, 0, 0, 0, 0, 0, 0, 0, 0, 0, 0, 0, 0, 0, 0, 0, 0, 0, 0, 0, 0, 0, 0, 0, 0, 0, 0, 0, 0, 0, 0, 0, 0, 0, 0, 0, 0, 0, 0, 0, 0, 0, 0, 0, 0, 0, 0, 0, 0, 0, 0, 0, 0, 0, 0, 0, 0, 0, 0, 0, 0, 0, 0, 0, 0, 0, 0, 0, 0, 0, 0, 0, 0, 0, 0, 0, 0, 0, 0, 0, 0, 0, 0, 0, 0, 0, 0, 0, 0, 0, 0, 0, 0, 0, 0, 0, 0, 0, 0, 0, 0, 0, 0, 0, 0, 0, 0, 0, 0, 0, 0, 0, 0, 0, 0, 0, 0, 0, 0, 0, 0, 0, 0, 0, 0, 0, 0, 0, 0, 0, 0, 0, 0, 0, 0, 0, 0, 0, 0, 0, 0, 0, 0, 0, 0, 0, 0, 0, 0, 0, 0
37,"Scaffold.Maps.Tests.Performance.MapKeyEnumerationBench.GetSecondaryKeys_1000Entries_10000Calls",1,"Gen0","Undefined",No,0,3,0,0.75,1.29903810567666,120,0, 0, 0, 0, 0, 0, 0, 0, 0, 0, 0, 0, 0, 0, 0, 0, 0, 0, 0, 0, 0, 0, 0, 0, 0, 0, 0, 0, 0, 0, 0, 0, 0, 0, 0, 0, 0, 0, 0, 0, 0, 0, 0, 0, 0, 0, 0, 0, 0, 0, 0, 0, 0, 0, 0, 0, 0, 0, 0, 0, 0, 0, 0, 0, 0, 0, 0, 0, 0, 0, 0, 0, 0, 0, 0, 0, 0, 0, 0, 0, 0, 0, 0, 0, 0, 0, 0, 0, 0, 0, 0, 0, 0, 0, 0, 0, 0, 0, 0, 0, 0, 0, 0, 0, 0, 0, 0, 0, 0, 0, 0, 0, 0, 0, 0, 0, 0, 0, 0, 0, 3, 3, 3, 3, 3, 3, 3, 3, 3, 3, 3, 3, 3, 3, 3, 3, 3, 3, 3, 3, 3, 3, 3, 3, 3, 3, 3, 3, 3, 3, 3, 3, 3, 3, 3, 3, 3, 3, 3, 3
38,"Scaffold.Maps.Tests.Performance.MapKeyEnumerationBench.GetSecondaryKeys_1000Entries_10000Calls",1,"Gen1","Undefined",No,0,3,0,0.75,1.29903810567666,120,0, 0, 0, 0, 0, 0, 0, 0, 0, 0, 0, 0, 0, 0, 0, 0, 0, 0, 0, 0, 0, 0, 0, 0, 0, 0, 0, 0, 0, 0, 0, 0, 0, 0, 0, 0, 0, 0, 0, 0, 0, 0, 0, 0, 0, 0, 0, 0, 0, 0, 0, 0, 0, 0, 0, 0, 0, 0, 0, 0, 0, 0, 0, 0, 0, 0, 0, 0, 0, 0, 0, 0, 0, 0, 0, 0, 0, 0, 0, 0, 0, 0, 0, 0, 0, 0, 0, 0, 0, 0, 0, 0, 0, 0, 0, 0, 0, 0, 0, 0, 0, 0, 0, 0, 0, 0, 0, 0, 0, 0, 0, 0, 0, 0, 0, 0, 0, 0, 0, 0, 3, 3, 3, 3, 3, 3, 3, 3, 3, 3, 3, 3, 3, 3, 3, 3, 3, 3, 3, 3, 3, 3, 3, 3, 3, 3, 3, 3, 3, 3, 3, 3, 3, 3, 3, 3, 3, 3, 3, 3
39,"Scaffold.Maps.Tests.Performance.MapKeyEnumerationBench.GetSecondaryKeys_1000Entries_10000Calls",1,"Gen2","Undefined",No,0,3,0,0.75,1.29903810567666,120,0, 0, 0, 0, 0, 0, 0, 0, 0, 0, 0, 0, 0, 0, 0, 0, 0, 0, 0, 0, 0, 0, 0, 0, 0, 0, 0, 0, 0, 0, 0, 0, 0, 0, 0, 0, 0, 0, 0, 0, 0, 0, 0, 0, 0, 0, 0, 0, 0, 0, 0, 0, 0, 0, 0, 0, 0, 0, 0, 0, 0, 0, 0, 0, 0, 0, 0, 0, 0, 0, 0, 0, 0, 0, 0, 0, 0, 0, 0, 0, 0, 0, 0, 0, 0, 0, 0, 0, 0, 0, 0, 0, 0, 0, 0, 0, 0, 0, 0, 0, 0, 0, 0, 0, 0, 0, 0, 0, 0, 0, 0, 0, 0, 0, 0, 0, 0, 0, 0, 0, 3, 3, 3, 3, 3, 3, 3, 3, 3, 3, 3, 3, 3, 3, 3, 3, 3, 3, 3, 3, 3, 3, 3, 3, 3, 3, 3, 3, 3, 3, 3, 3, 3, 3, 3, 3, 3, 3, 3, 3
40,"Scaffold.Maps.Tests.Performance.MapVsTupleDictBench.Dict_Add_FromEmpty_Count10",1,"Time","Nanosecond",No,428.32,7444220,32229.315,813218.849944444,2168601.47345502,146379392.99,12142, 12419, 14790, 12555, 12497, 12393, 12370, 12783, 13141, 12599, 12816, 12407, 12136, 12495, 12488, 12398, 12479, 12998, 12189, 12479, 152364, 154904, 153202, 149206, 148846, 152502, 149052, 148494, 154062, 153298, 160686, 149910, 153740, 148738, 150836, 149090, 149580, 150042, 174506, 153678, 6842610, 6844770, 6913600, 6758860, 6893230, 6694770, 6880190, 6972800, 7224250, 7119530, 6793470, 6936490, 7003890, 6820600, 6835890, 7075060, 6846630, 6959770, 7005560, 7444220, 475.29, 448.95, 459.06, 442.76, 448.26, 470.5, 436.33, 454.17, 460.02, 446.44, 454.47, 470.73, 486.07, 461.67, 428.32, 456.14, 456.39, 734.67, 455.24, 432.87, 3411.02, 3324.2, 3356.96, 3317.48, 3393.99, 3374.34, 3480.85, 3658.02, 3640.93, 3342.65, 4407.49, 3398.35, 3403.88, 3378.78, 3404.46, 3346.86, 3358.87, 3419.37, 3354.94, 3343.1, 33191.6, 32055.86, 31708.19, 31806.51, 32763.47, 34112.63, 31584.73, 32889.79, 31732.76, 32179.78, 32259.3, 31980.64, 32548.9, 32199.33, 32996.54, 33127.13, 31778.96, 31793.72, 32607.61, 32976.56, 79510.07, 77791.02, 115205.33, 79523.26, 80091.85, 79473.4, 78292.26, 77821.49, 116700.09, 78427.69, 79685.18, 82877.26, 83127.53, 80291.89, 78395.16, 117054.7, 78669.01, 83492.55, 79354.92, 78514.68, 78692.13, 79436.41, 116629.84, 79764.92, 80897.29, 78629.4, 80294.78, 78605.86, 117865.4, 81160.1, 79658.51, 78100.74, 78088.87, 77102.74, 78166.41, 115909.11, 78719.09, 82711.93, 78738.26, 78142.76, 3592.6, 3460.8, 3878.4, 3508, 4390.2, 3664.4, 3815.6, 3618.4, 4024.2, 3989.8, 3351.8, 3892, 3474.2, 3664.8, 3881.6, 3718.6, 3877.6, 3826, 3433.8, 4427.4
41,"Scaffold.Maps.Tests.Performance.MapVsTupleDictBench.Dict_Add_FromEmpty_Count10",1,"Allocated","Byte",No,0,0,0,0,0,0,0, 0, 0, 0, 0, 0, 0, 0, 0, 0, 0, 0, 0, 0, 0, 0, 0, 0, 0, 0, 0, 0, 0, 0, 0, 0, 0, 0, 0, 0, 0, 0, 0, 0, 0, 0, 0, 0, 0, 0, 0, 0, 0, 0, 0, 0, 0, 0, 0, 0, 0, 0, 0, 0, 0, 0, 0, 0, 0, 0, 0, 0, 0, 0, 0, 0, 0, 0, 0, 0, 0, 0, 0, 0, 0, 0, 0, 0, 0, 0, 0, 0, 0, 0, 0, 0, 0, 0, 0, 0, 0, 0, 0, 0, 0, 0, 0, 0, 0, 0, 0, 0, 0, 0, 0, 0, 0, 0, 0, 0, 0, 0, 0, 0, 0, 0, 0, 0, 0, 0, 0, 0, 0, 0, 0, 0, 0, 0, 0, 0, 0, 0, 0, 0, 0, 0, 0, 0, 0, 0, 0, 0, 0, 0, 0, 0, 0, 0, 0, 0, 0, 0, 0, 0, 0, 0, 0, 0, 0, 0, 0, 0, 0, 0, 0, 0, 0, 0, 0, 0, 0, 0, 0, 0, 0, 0, 0, 0, 0, 0
42,"Scaffold.Maps.Tests.Performance.MapVsTupleDictBench.Dict_Add_FromEmpty_Count10",1,"Gen0","Undefined",No,0,3,0,0.666666666666667,1.24721912892465,120,0, 0, 0, 0, 0, 0, 0, 0, 0, 0, 0, 0, 0, 0, 0, 0, 0, 0, 0, 0, 0, 0, 0, 0, 0, 0, 0, 0, 0, 0, 0, 0, 0, 0, 0, 0, 0, 0, 0, 0, 0, 0, 0, 0, 0, 0, 0, 0, 0, 0, 0, 0, 0, 0, 0, 0, 0, 0, 0, 0, 0, 0, 0, 0, 0, 0, 0, 0, 0, 0, 0, 0, 0, 0, 0, 0, 0, 0, 0, 0, 0, 0, 0, 0, 0, 0, 0, 0, 0, 0, 0, 0, 0, 0, 0, 0, 0, 0, 0, 0, 0, 0, 0, 0, 0, 0, 0, 0, 0, 0, 0, 0, 0, 0, 0, 0, 0, 0, 0, 0, 3, 3, 3, 3, 3, 3, 3, 3, 3, 3, 3, 3, 3, 3, 3, 3, 3, 3, 3, 3, 3, 3, 3, 3, 3, 3, 3, 3, 3, 3, 3, 3, 3, 3, 3, 3, 3, 3, 3, 3, 0, 0, 0, 0, 0, 0, 0, 0, 0, 0, 0, 0, 0, 0, 0, 0, 0, 0, 0, 0
43,"Scaffold.Maps.Tests.Performance.MapVsTupleDictBench.Dict_Add_FromEmpty_Count10",1,"Gen1","Undefined",No,0,3,0,0.666666666666667,1.24721912892465,120,0, 0, 0, 0, 0, 0, 0, 0, 0, 0, 0, 0, 0, 0, 0, 0, 0, 0, 0, 0, 0, 0, 0, 0, 0, 0, 0, 0, 0, 0, 0, 0, 0, 0, 0, 0, 0, 0, 0, 0, 0, 0, 0, 0, 0, 0, 0, 0, 0, 0, 0, 0, 0, 0, 0, 0, 0, 0, 0, 0, 0, 0, 0, 0, 0, 0, 0, 0, 0, 0, 0, 0, 0, 0, 0, 0, 0, 0, 0, 0, 0, 0, 0, 0, 0, 0, 0, 0, 0, 0, 0, 0, 0, 0, 0, 0, 0, 0, 0, 0, 0, 0, 0, 0, 0, 0, 0, 0, 0, 0, 0, 0, 0, 0, 0, 0, 0, 0, 0, 0, 3, 3, 3, 3, 3, 3, 3, 3, 3, 3, 3, 3, 3, 3, 3, 3, 3, 3, 3, 3, 3, 3, 3, 3, 3, 3, 3, 3, 3, 3, 3, 3, 3, 3, 3, 3, 3, 3, 3, 3, 0, 0, 0, 0, 0, 0, 0, 0, 0, 0, 0, 0, 0, 0, 0, 0, 0, 0, 0, 0
44,"Scaffold.Maps.Tests.Performance.MapVsTupleDictBench.Dict_Add_FromEmpty_Count10",1,"Gen2","Undefined",No,0,3,0,0.666666666666667,1.24721912892465,120,0, 0, 0, 0, 0, 0, 0, 0, 0, 0, 0, 0, 0, 0, 0, 0, 0, 0, 0, 0, 0, 0, 0, 0, 0, 0, 0, 0, 0, 0, 0, 0, 0, 0, 0, 0, 0, 0, 0, 0, 0, 0, 0, 0, 0, 0, 0, 0, 0, 0, 0, 0, 0, 0, 0, 0, 0, 0, 0, 0, 0, 0, 0, 0, 0, 0, 0, 0, 0, 0, 0, 0, 0, 0, 0, 0, 0, 0, 0, 0, 0, 0, 0, 0, 0, 0, 0, 0, 0, 0, 0, 0, 0, 0, 0, 0, 0, 0, 0, 0, 0, 0, 0, 0, 0, 0, 0, 0, 0, 0, 0, 0, 0, 0, 0, 0, 0, 0, 0, 0, 3, 3, 3, 3, 3, 3, 3, 3, 3, 3, 3, 3, 3, 3, 3, 3, 3, 3, 3, 3, 3, 3, 3, 3, 3, 3, 3, 3, 3, 3, 3, 3, 3, 3, 3, 3, 3, 3, 3, 3, 0, 0, 0, 0, 0, 0, 0, 0, 0, 0, 0, 0, 0, 0, 0, 0, 0, 0, 0, 0
45,"Scaffold.Maps.Tests.Performance.MapVsTupleDictBench.Dict_Add_FromEmpty_Count100",1,"Time","Nanosecond",No,428.32,7444220,32132,735119.99495,2070614.52387086,147023998.99,12142, 12419, 14790, 12555, 12497, 12393, 12370, 12783, 13141, 12599, 12816, 12407, 12136, 12495, 12488, 12398, 12479, 12998, 12189, 12479, 152364, 154904, 153202, 149206, 148846, 152502, 149052, 148494, 154062, 153298, 160686, 149910, 153740, 148738, 150836, 149090, 149580, 150042, 174506, 153678, 6842610, 6844770, 6913600, 6758860, 6893230, 6694770, 6880190, 6972800, 7224250, 7119530, 6793470, 6936490, 7003890, 6820600, 6835890, 7075060, 6846630, 6959770, 7005560, 7444220, 475.29, 448.95, 459.06, 442.76, 448.26, 470.5, 436.33, 454.17, 460.02, 446.44, 454.47, 470.73, 486.07, 461.67, 428.32, 456.14, 456.39, 734.67, 455.24, 432.87, 3411.02, 3324.2, 3356.96, 3317.48, 3393.99, 3374.34, 3480.85, 3658.02, 3640.93, 3342.65, 4407.49, 3398.35, 3403.88, 3378.78, 3404.46, 3346.86, 3358.87, 3419.37, 3354.94, 3343.1, 33191.6, 32055.86, 31708.19, 31806.51, 32763.47, 34112.63, 31584.73, 32889.79, 31732.76, 32179.78, 32259.3, 31980.64, 32548.9, 32199.33, 32996.54, 33127.13, 31778.96, 31793.72, 32607.61, 32976.56, 79510.07, 77791.02, 115205.33, 79523.26, 80091.85, 79473.4, 78292.26, 77821.49, 116700.09, 78427.69, 79685.18, 82877.26, 83127.53, 80291.89, 78395.16, 117054.7, 78669.01, 83492.55, 79354.92, 78514.68, 78692.13, 79436.41, 116629.84, 79764.92, 80897.29, 78629.4, 80294.78, 78605.86, 117865.4, 81160.1, 79658.51, 78100.74, 78088.87, 77102.74, 78166.41, 115909.11, 78719.09, 82711.93, 78738.26, 78142.76, 3592.6, 3460.8, 3878.4, 3508, 4390.2, 3664.4, 3815.6, 3618.4, 4024.2, 3989.8, 3351.8, 3892, 3474.2, 3664.8, 3881.6, 3718.6, 3877.6, 3826, 3433.8, 4427.4, 32900, 34631, 33037, 30360, 33195, 32100, 32477, 32118, 32544, 31933, 32072, 40482, 31615, 30438, 29791, 29570, 32146, 30036, 31836, 31325
46,"Scaffold.Maps.Tests.Performance.MapVsTupleDictBench.Dict_Add_FromEmpty_Count100",1,"Allocated","Byte",No,0,0,0,0,0,0,0, 0, 0, 0, 0, 0, 0, 0, 0, 0, 0, 0, 0, 0, 0, 0, 0, 0, 0, 0, 0, 0, 0, 0, 0, 0, 0, 0, 0, 0, 0, 0, 0, 0, 0, 0, 0, 0, 0, 0, 0, 0, 0, 0, 0, 0, 0, 0, 0, 0, 0, 0, 0, 0, 0, 0, 0, 0, 0, 0, 0, 0, 0, 0, 0, 0, 0, 0, 0, 0, 0, 0, 0, 0, 0, 0, 0, 0, 0, 0, 0, 0, 0, 0, 0, 0, 0, 0, 0, 0, 0, 0, 0, 0, 0, 0, 0, 0, 0, 0, 0, 0, 0, 0, 0, 0, 0, 0, 0, 0, 0, 0, 0, 0, 0, 0, 0, 0, 0, 0, 0, 0, 0, 0, 0, 0, 0, 0, 0, 0, 0, 0, 0, 0, 0, 0, 0, 0, 0, 0, 0, 0, 0, 0, 0, 0, 0, 0, 0, 0, 0, 0, 0, 0, 0, 0, 0, 0, 0, 0, 0, 0, 0, 0, 0, 0, 0, 0, 0, 0, 0, 0, 0, 0, 0, 0, 0, 0, 0, 0, 0, 0, 0, 0, 0, 0, 0, 0, 0, 0, 0, 0, 0, 0, 0, 0, 0, 0, 0, 0
47,"Scaffold.Maps.Tests.Performance.MapVsTupleDictBench.Dict_Add_FromEmpty_Count100",1,"Gen0","Undefined",No,0,3,0,0.6,1.2,120,0, 0, 0, 0, 0, 0, 0, 0, 0, 0, 0, 0, 0, 0, 0, 0, 0, 0, 0, 0, 0, 0, 0, 0, 0, 0, 0, 0, 0, 0, 0, 0, 0, 0, 0, 0, 0, 0, 0, 0, 0, 0, 0, 0, 0, 0, 0, 0, 0, 0, 0, 0, 0, 0, 0, 0, 0, 0, 0, 0, 0, 0, 0, 0, 0, 0, 0, 0, 0, 0, 0, 0, 0, 0, 0, 0, 0, 0, 0, 0, 0, 0, 0, 0, 0, 0, 0, 0, 0, 0, 0, 0, 0, 0, 0, 0, 0, 0, 0, 0, 0, 0, 0, 0, 0, 0, 0, 0, 0, 0, 0, 0, 0, 0, 0, 0, 0, 0, 0, 0, 3, 3, 3, 3, 3, 3, 3, 3, 3, 3, 3, 3, 3, 3, 3, 3, 3, 3, 3, 3, 3, 3, 3, 3, 3, 3, 3, 3, 3, 3, 3, 3, 3, 3, 3, 3, 3, 3, 3, 3, 0, 0, 0, 0, 0, 0, 0, 0, 0, 0, 0, 0, 0, 0, 0, 0, 0, 0, 0, 0, 0, 0, 0, 0, 0, 0, 0, 0, 0, 0, 0, 0, 0, 0, 0, 0, 0, 0, 0, 0
48,"Scaffold.Maps.Tests.Performance.MapVsTupleDictBench.Dict_Add_FromEmpty_Count100",1,"Gen1","Undefined",No,0,3,0,0.6,1.2,120,0, 0, 0, 0, 0, 0, 0, 0, 0, 0, 0, 0, 0, 0, 0, 0, 0, 0, 0, 0, 0, 0, 0, 0, 0, 0, 0, 0, 0, 0, 0, 0, 0, 0, 0, 0, 0, 0, 0, 0, 0, 0, 0, 0, 0, 0, 0, 0, 0, 0, 0, 0, 0, 0, 0, 0, 0, 0, 0, 0, 0, 0, 0, 0, 0, 0, 0, 0, 0, 0, 0, 0, 0, 0, 0, 0, 0, 0, 0, 0, 0, 0, 0, 0, 0, 0, 0, 0, 0, 0, 0, 0, 0, 0, 0, 0, 0, 0, 0, 0, 0, 0, 0, 0, 0, 0, 0, 0, 0, 0, 0, 0, 0, 0, 0, 0, 0, 0, 0, 0, 3, 3, 3, 3, 3, 3, 3, 3, 3, 3, 3, 3, 3, 3, 3, 3, 3, 3, 3, 3, 3, 3, 3, 3, 3, 3, 3, 3, 3, 3, 3, 3, 3, 3, 3, 3, 3, 3, 3, 3, 0, 0, 0, 0, 0, 0, 0, 0, 0, 0, 0, 0, 0, 0, 0, 0, 0, 0, 0, 0, 0, 0, 0, 0, 0, 0, 0, 0, 0, 0, 0, 0, 0, 0, 0, 0, 0, 0, 0, 0
49,"Scaffold.Maps.Tests.Performance.MapVsTupleDictBench.Dict_Add_FromEmpty_Count100",1,"Gen2","Undefined",No,0,3,0,0.6,1.2,120,0, 0, 0, 0, 0, 0, 0, 0, 0, 0, 0, 0, 0, 0, 0, 0, 0, 0, 0, 0, 0, 0, 0, 0, 0, 0, 0, 0, 0, 0, 0, 0, 0, 0, 0, 0, 0, 0, 0, 0, 0, 0, 0, 0, 0, 0, 0, 0, 0, 0, 0, 0, 0, 0, 0, 0, 0, 0, 0, 0, 0, 0, 0, 0, 0, 0, 0, 0, 0, 0, 0, 0, 0, 0, 0, 0, 0, 0, 0, 0, 0, 0, 0, 0, 0, 0, 0, 0, 0, 0, 0, 0, 0, 0, 0, 0, 0, 0, 0, 0, 0, 0, 0, 0, 0, 0, 0, 0, 0, 0, 0, 0, 0, 0, 0, 0, 0, 0, 0, 0, 3, 3, 3, 3, 3, 3, 3, 3, 3, 3, 3, 3, 3, 3, 3, 3, 3, 3, 3, 3, 3, 3, 3, 3, 3, 3, 3, 3, 3, 3, 3, 3, 3, 3, 3, 3, 3, 3, 3, 3, 0, 0, 0, 0, 0, 0, 0, 0, 0, 0, 0, 0, 0, 0, 0, 0, 0, 0, 0, 0, 0, 0, 0, 0, 0, 0, 0, 0, 0, 0, 0, 0, 0, 0, 0, 0, 0, 0, 0, 0
50,"Scaffold.Maps.Tests.Performance.MapVsTupleDictBench.Dict_Add_FromEmpty_Count1000",1,"Time","Nanosecond",No,428.32,7444220,32894.895,694509.177227273,1978428.08408848,152792018.99,12142, 12419, 14790, 12555, 12497, 12393, 12370, 12783, 13141, 12599, 12816, 12407, 12136, 12495, 12488, 12398, 12479, 12998, 12189, 12479, 152364, 154904, 153202, 149206, 148846, 152502, 149052, 148494, 154062, 153298, 160686, 149910, 153740, 148738, 150836, 149090, 149580, 150042, 174506, 153678, 6842610, 6844770, 6913600, 6758860, 6893230, 6694770, 6880190, 6972800, 7224250, 7119530, 6793470, 6936490, 7003890, 6820600, 6835890, 7075060, 6846630, 6959770, 7005560, 7444220, 475.29, 448.95, 459.06, 442.76, 448.26, 470.5, 436.33, 454.17, 460.02, 446.44, 454.47, 470.73, 486.07, 461.67, 428.32, 456.14, 456.39, 734.67, 455.24, 432.87, 3411.02, 3324.2, 3356.96, 3317.48, 3393.99, 3374.34, 3480.85, 3658.02, 3640.93, 3342.65, 4407.49, 3398.35, 3403.88, 3378.78, 3404.46, 3346.86, 3358.87, 3419.37, 3354.94, 3343.1, 33191.6, 32055.86, 31708.19, 31806.51, 32763.47, 34112.63, 31584.73, 32889.79, 31732.76, 32179.78, 32259.3, 31980.64, 32548.9, 32199.33, 32996.54, 33127.13, 31778.96, 31793.72, 32607.61, 32976.56, 79510.07, 77791.02, 115205.33, 79523.26, 80091.85, 79473.4, 78292.26, 77821.49, 116700.09, 78427.69, 79685.18, 82877.26, 83127.53, 80291.89, 78395.16, 117054.7, 78669.01, 83492.55, 79354.92, 78514.68, 78692.13, 79436.41, 116629.84, 79764.92, 80897.29, 78629.4, 80294.78, 78605.86, 117865.4, 81160.1, 79658.51, 78100.74, 78088.87, 77102.74, 78166.41, 115909.11, 78719.09, 82711.93, 78738.26, 78142.76, 3592.6, 3460.8, 3878.4, 3508, 4390.2, 3664.4, 3815.6, 3618.4, 4024.2, 3989.8, 3351.8, 3892, 3474.2, 3664.8, 3881.6, 3718.6, 3877.6, 3826, 3433.8, 4427.4, 32900, 34631, 33037, 30360, 33195, 32100, 32477, 32118, 32544, 31933, 32072, 40482, 31615, 30438, 29791, 29570, 32146, 30036, 31836, 31325, 277010, 290435, 305000, 289260, 298985, 301595, 278115, 283090, 285035, 302910, 279045, 277605, 279260, 281725, 301745, 283830, 293130, 282915, 299355, 277975
51,"Scaffold.Maps.Tests.Performance.MapVsTupleDictBench.Dict_Add_FromEmpty_Count1000",1,"Allocated","Byte",No,0,0,0,0,0,0,0, 0, 0, 0, 0, 0, 0, 0, 0, 0, 0, 0, 0, 0, 0, 0, 0, 0, 0, 0, 0, 0, 0, 0, 0, 0, 0, 0, 0, 0, 0, 0, 0, 0, 0, 0, 0, 0, 0, 0, 0, 0, 0, 0, 0, 0, 0, 0, 0, 0, 0, 0, 0, 0, 0, 0, 0, 0, 0, 0, 0, 0, 0, 0, 0, 0, 0, 0, 0, 0, 0, 0, 0, 0, 0, 0, 0, 0, 0, 0, 0, 0, 0, 0, 0, 0, 0, 0, 0, 0, 0, 0, 0, 0, 0, 0, 0, 0, 0, 0, 0, 0, 0, 0, 0, 0, 0, 0, 0, 0, 0, 0, 0, 0, 0, 0, 0, 0, 0, 0, 0, 0, 0, 0, 0, 0, 0, 0, 0, 0, 0, 0, 0, 0, 0, 0, 0, 0, 0, 0, 0, 0, 0, 0, 0, 0, 0, 0, 0, 0, 0, 0, 0, 0, 0, 0, 0, 0, 0, 0, 0, 0, 0, 0, 0, 0, 0, 0, 0, 0, 0, 0, 0, 0, 0, 0, 0, 0, 0, 0, 0, 0, 0, 0, 0, 0, 0, 0, 0, 0, 0, 0, 0, 0, 0, 0, 0, 0, 0, 0, 0, 0, 0, 0, 0, 0, 0, 0, 0, 0, 0, 0, 0, 0, 0, 0, 0, 0, 0, 0
52,"Scaffold.Maps.Tests.Performance.MapVsTupleDictBench.Dict_Add_FromEmpty_Count1000",1,"Gen0","Undefined",No,0,3,0,0.545454545454545,1.1570838237598,120,0, 0, 0, 0, 0, 0, 0, 0, 0, 0, 0, 0, 0, 0, 0, 0, 0, 0, 0, 0, 0, 0, 0, 0, 0, 0, 0, 0, 0, 0, 0, 0, 0, 0, 0, 0, 0, 0, 0, 0, 0, 0, 0, 0, 0, 0, 0, 0, 0, 0, 0, 0, 0, 0, 0, 0, 0, 0, 0, 0, 0, 0, 0, 0, 0, 0, 0, 0, 0, 0, 0, 0, 0, 0, 0, 0, 0, 0, 0, 0, 0, 0, 0, 0, 0, 0, 0, 0, 0, 0, 0, 0, 0, 0, 0, 0, 0, 0, 0, 0, 0, 0, 0, 0, 0, 0, 0, 0, 0, 0, 0, 0, 0, 0, 0, 0, 0, 0, 0, 0, 3, 3, 3, 3, 3, 3, 3, 3, 3, 3, 3, 3, 3, 3, 3, 3, 3, 3, 3, 3, 3, 3, 3, 3, 3, 3, 3, 3, 3, 3, 3, 3, 3, 3, 3, 3, 3, 3, 3, 3, 0, 0, 0, 0, 0, 0, 0, 0, 0, 0, 0, 0, 0, 0, 0, 0, 0, 0, 0, 0, 0, 0, 0, 0, 0, 0, 0, 0, 0, 0, 0, 0, 0, 0, 0, 0, 0, 0, 0, 0, 0, 0, 0, 0, 0, 0, 0, 0, 0, 0, 0, 0, 0, 0, 0, 0, 0, 0, 0, 0
53,"Scaffold.Maps.Tests.Performance.MapVsTupleDictBench.Dict_Add_FromEmpty_Count1000",1,"Gen1","Undefined",No,0,3,0,0.545454545454545,1.1570838237598,120,0, 0, 0, 0, 0, 0, 0, 0, 0, 0, 0, 0, 0, 0, 0, 0, 0, 0, 0, 0, 0, 0, 0, 0, 0, 0, 0, 0, 0, 0, 0, 0, 0, 0, 0, 0, 0, 0, 0, 0, 0, 0, 0, 0, 0, 0, 0, 0, 0, 0, 0, 0, 0, 0, 0, 0, 0, 0, 0, 0, 0, 0, 0, 0, 0, 0, 0, 0, 0, 0, 0, 0, 0, 0, 0, 0, 0, 0, 0, 0, 0, 0, 0, 0, 0, 0, 0, 0, 0, 0, 0, 0, 0, 0, 0, 0, 0, 0, 0, 0, 0, 0, 0, 0, 0, 0, 0, 0, 0, 0, 0, 0, 0, 0, 0, 0, 0, 0, 0, 0, 3, 3, 3, 3, 3, 3, 3, 3, 3, 3, 3, 3, 3, 3, 3, 3, 3, 3, 3, 3, 3, 3, 3, 3, 3, 3, 3, 3, 3, 3, 3, 3, 3, 3, 3, 3, 3, 3, 3, 3, 0, 0, 0, 0, 0, 0, 0, 0, 0, 0, 0, 0, 0, 0, 0, 0, 0, 0, 0, 0, 0, 0, 0, 0, 0, 0, 0, 0, 0, 0, 0, 0, 0, 0, 0, 0, 0, 0, 0, 0, 0, 0, 0, 0, 0, 0, 0, 0, 0, 0, 0, 0, 0, 0, 0, 0, 0, 0, 0, 0
54,"Scaffold.Maps.Tests.Performance.MapVsTupleDictBench.Dict_Add_FromEmpty_Count1000",1,"Gen2","Undefined",No,0,3,0,0.545454545454545,1.1570838237598,120,0, 0, 0, 0, 0, 0, 0, 0, 0, 0, 0, 0, 0, 0, 0, 0, 0, 0, 0, 0, 0, 0, 0, 0, 0, 0, 0, 0, 0, 0, 0, 0, 0, 0, 0, 0, 0, 0, 0, 0, 0, 0, 0, 0, 0, 0, 0, 0, 0, 0, 0, 0, 0, 0, 0, 0, 0, 0, 0, 0, 0, 0, 0, 0, 0, 0, 0, 0, 0, 0, 0, 0, 0, 0, 0, 0, 0, 0, 0, 0, 0, 0, 0, 0, 0, 0, 0, 0, 0, 0, 0, 0, 0, 0, 0, 0, 0, 0, 0, 0, 0, 0, 0, 0, 0, 0, 0, 0, 0, 0, 0, 0, 0, 0, 0, 0, 0, 0, 0, 0, 3, 3, 3, 3, 3, 3, 3, 3, 3, 3, 3, 3, 3, 3, 3, 3, 3, 3, 3, 3, 3, 3, 3, 3, 3, 3, 3, 3, 3, 3, 3, 3, 3, 3, 3, 3, 3, 3, 3, 3, 0, 0, 0, 0, 0, 0, 0, 0, 0, 0, 0, 0, 0, 0, 0, 0, 0, 0, 0, 0, 0, 0, 0, 0, 0, 0, 0, 0, 0, 0, 0, 0, 0, 0, 0, 0, 0, 0, 0, 0, 0, 0, 0, 0, 0, 0, 0, 0, 0, 0, 0, 0, 0, 0, 0, 0, 0, 0, 0, 0
55,"Scaffold.Maps.Tests.Performance.MapVsTupleDictBench.Dict_Foreach_Count1000",1,"Time","Nanosecond",No,428.32,7444220,36230.7,640080.682458333,1902784.2046282,153619363.79,12142, 12419, 14790, 12555, 12497, 12393, 12370, 12783, 13141, 12599, 12816, 12407, 12136, 12495, 12488, 12398, 12479, 12998, 12189, 12479, 152364, 154904, 153202, 149206, 148846, 152502, 149052, 148494, 154062, 153298, 160686, 149910, 153740, 148738, 150836, 149090, 149580, 150042, 174506, 153678, 6842610, 6844770, 6913600, 6758860, 6893230, 6694770, 6880190, 6972800, 7224250, 7119530, 6793470, 6936490, 7003890, 6820600, 6835890, 7075060, 6846630, 6959770, 7005560, 7444220, 475.29, 448.95, 459.06, 442.76, 448.26, 470.5, 436.33, 454.17, 460.02, 446.44, 454.47, 470.73, 486.07, 461.67, 428.32, 456.14, 456.39, 734.67, 455.24, 432.87, 3411.02, 3324.2, 3356.96, 3317.48, 3393.99, 3374.34, 3480.85, 3658.02, 3640.93, 3342.65, 4407.49, 3398.35, 3403.88, 3378.78, 3404.46, 3346.86, 3358.87, 3419.37, 3354.94, 3343.1, 33191.6, 32055.86, 31708.19, 31806.51, 32763.47, 34112.63, 31584.73, 32889.79, 31732.76, 32179.78, 32259.3, 31980.64, 32548.9, 32199.33, 32996.54, 33127.13, 31778.96, 31793.72, 32607.61, 32976.56, 79510.07, 77791.02, 115205.33, 79523.26, 80091.85, 79473.4, 78292.26, 77821.49, 116700.09, 78427.69, 79685.18, 82877.26, 83127.53, 80291.89, 78395.16, 117054.7, 78669.01, 83492.55, 79354.92, 78514.68, 78692.13, 79436.41, 116629.84, 79764.92, 80897.29, 78629.4, 80294.78, 78605.86, 117865.4, 81160.1, 79658.51, 78100.74, 78088.87, 77102.74, 78166.41, 115909.11, 78719.09, 82711.93, 78738.26, 78142.76, 3592.6, 3460.8, 3878.4, 3508, 4390.2, 3664.4, 3815.6, 3618.4, 4024.2, 3989.8, 3351.8, 3892, 3474.2, 3664.8, 3881.6, 3718.6, 3877.6, 3826, 3433.8, 4427.4, 32900, 34631, 33037, 30360, 33195, 32100, 32477, 32118, 32544, 31933, 32072, 40482, 31615, 30438, 29791, 29570, 32146, 30036, 31836, 31325, 277010, 290435, 305000, 289260, 298985, 301595, 278115, 283090, 285035, 302910, 279045, 277605, 279260, 281725, 301745, 283830, 293130, 282915, 299355, 277975, 48244.6, 37252.6, 52062.8, 36779.6, 37174.2, 36805.4, 36761.8, 41815.4, 39494.6, 36710, 36356.8, 36930.2, 36104.6, 60850, 38004.4, 47749.6, 37995.6, 56439.6, 36506.2, 37306.8
56,"Scaffold.Maps.Tests.Performance.MapVsTupleDictBench.Dict_Foreach_Count1000",1,"Allocated","Byte",No,0,0,0,0,0,0,0, 0, 0, 0, 0, 0, 0, 0, 0, 0, 0, 0, 0, 0, 0, 0, 0, 0, 0, 0, 0, 0, 0, 0, 0, 0, 0, 0, 0, 0, 0, 0, 0, 0, 0, 0, 0, 0, 0, 0, 0, 0, 0, 0, 0, 0, 0, 0, 0, 0, 0, 0, 0, 0, 0, 0, 0, 0, 0, 0, 0, 0, 0, 0, 0, 0, 0, 0, 0, 0, 0, 0, 0, 0, 0, 0, 0, 0, 0, 0, 0, 0, 0, 0, 0, 0, 0, 0, 0, 0, 0, 0, 0, 0, 0, 0, 0, 0, 0, 0, 0, 0, 0, 0, 0, 0, 0, 0, 0, 0, 0, 0, 0, 0, 0, 0, 0, 0, 0, 0, 0, 0, 0, 0, 0, 0, 0, 0, 0, 0, 0, 0, 0, 0, 0, 0, 0, 0, 0, 0, 0, 0, 0, 0, 0, 0, 0, 0, 0, 0, 0, 0, 0, 0, 0, 0, 0, 0, 0, 0, 0, 0, 0, 0, 0, 0, 0, 0, 0, 0, 0, 0, 0, 0, 0, 0, 0, 0, 0, 0, 0, 0, 0, 0, 0, 0, 0, 0, 0, 0, 0, 0, 0, 0, 0, 0, 0, 0, 0, 0, 0, 0, 0, 0, 0, 0, 0, 0, 0, 0, 0, 0, 0, 0, 0, 0, 0, 0, 0, 0, 0, 0, 0, 0, 0, 0, 0, 0, 0, 0, 0, 0, 0, 0, 0, 0, 0, 0, 0, 0
57,"Scaffold.Maps.Tests.Performance.MapVsTupleDictBench.Dict_Foreach_Count1000",1,"Gen0","Undefined",No,0,3,0,0.5,1.11803398874989,120,0, 0, 0, 0, 0, 0, 0, 0, 0, 0, 0, 0, 0, 0, 0, 0, 0, 0, 0, 0, 0, 0, 0, 0, 0, 0, 0, 0, 0, 0, 0, 0, 0, 0, 0, 0, 0, 0, 0, 0, 0, 0, 0, 0, 0, 0, 0, 0, 0, 0, 0, 0, 0, 0, 0, 0, 0, 0, 0, 0, 0, 0, 0, 0, 0, 0, 0, 0, 0, 0, 0, 0, 0, 0, 0, 0, 0, 0, 0, 0, 0, 0, 0, 0, 0, 0, 0, 0, 0, 0, 0, 0, 0, 0, 0, 0, 0, 0, 0, 0, 0, 0, 0, 0, 0, 0, 0, 0, 0, 0, 0, 0, 0, 0, 0, 0, 0, 0, 0, 0, 3, 3, 3, 3, 3, 3, 3, 3, 3, 3, 3, 3, 3, 3, 3, 3, 3, 3, 3, 3, 3, 3, 3, 3, 3, 3, 3, 3, 3, 3, 3, 3, 3, 3, 3, 3, 3, 3, 3, 3, 0, 0, 0, 0, 0, 0, 0, 0, 0, 0, 0, 0, 0, 0, 0, 0, 0, 0, 0, 0, 0, 0, 0, 0, 0, 0, 0, 0, 0, 0, 0, 0, 0, 0, 0, 0, 0, 0, 0, 0, 0, 0, 0, 0, 0, 0, 0, 0, 0, 0, 0, 0, 0, 0, 0, 0, 0, 0, 0, 0, 0, 0, 0, 0, 0, 0, 0, 0, 0, 0, 0, 0, 0, 0, 0, 0, 0, 0, 0, 0
58,"Scaffold.Maps.Tests.Performance.MapVsTupleDictBench.Dict_Foreach_Count1000",1,"Gen1","Undefined",No,0,3,0,0.5,1.11803398874989,120,0, 0, 0, 0, 0, 0, 0, 0, 0, 0, 0, 0, 0, 0, 0, 0, 0, 0, 0, 0, 0, 0, 0, 0, 0, 0, 0, 0, 0, 0, 0, 0, 0, 0, 0, 0, 0, 0, 0, 0, 0, 0, 0, 0, 0, 0, 0, 0, 0, 0, 0, 0, 0, 0, 0, 0, 0, 0, 0, 0, 0, 0, 0, 0, 0, 0, 0, 0, 0, 0, 0, 0, 0, 0, 0, 0, 0, 0, 0, 0, 0, 0, 0, 0, 0, 0, 0, 0, 0, 0, 0, 0, 0, 0, 0, 0, 0, 0, 0, 0, 0, 0, 0, 0, 0, 0, 0, 0, 0, 0, 0, 0, 0, 0, 0, 0, 0, 0, 0, 0, 3, 3, 3, 3, 3, 3, 3, 3, 3, 3, 3, 3, 3, 3, 3, 3, 3, 3, 3, 3, 3, 3, 3, 3, 3, 3, 3, 3, 3, 3, 3, 3, 3, 3, 3, 3, 3, 3, 3, 3, 0, 0, 0, 0, 0, 0, 0, 0, 0, 0, 0, 0, 0, 0, 0, 0, 0, 0, 0, 0, 0, 0, 0, 0, 0, 0, 0, 0, 0, 0, 0, 0, 0, 0, 0, 0, 0, 0, 0, 0, 0, 0, 0, 0, 0, 0, 0, 0, 0, 0, 0, 0, 0, 0, 0, 0, 0, 0, 0, 0, 0, 0, 0, 0, 0, 0, 0, 0, 0, 0, 0, 0, 0, 0, 0, 0, 0, 0, 0, 0
59,"Scaffold.Maps.Tests.Performance.MapVsTupleDictBench.Dict_Foreach_Count1000",1,"Gen2","Undefined",No,0,3,0,0.5,1.11803398874989,120,0, 0, 0, 0, 0, 0, 0, 0, 0, 0, 0, 0, 0, 0, 0, 0, 0, 0, 0, 0, 0, 0, 0, 0, 0, 0, 0, 0, 0, 0, 0, 0, 0, 0, 0, 0, 0, 0, 0, 0, 0, 0, 0, 0, 0, 0, 0, 0, 0, 0, 0, 0, 0, 0, 0, 0, 0, 0, 0, 0, 0, 0, 0, 0, 0, 0, 0, 0, 0, 0, 0, 0, 0, 0, 0, 0, 0, 0, 0, 0, 0, 0, 0, 0, 0, 0, 0, 0, 0, 0, 0, 0, 0, 0, 0, 0, 0, 0, 0, 0, 0, 0, 0, 0, 0, 0, 0, 0, 0, 0, 0, 0, 0, 0, 0, 0, 0, 0, 0, 0, 3, 3, 3, 3, 3, 3, 3, 3, 3, 3, 3, 3, 3, 3, 3, 3, 3, 3, 3, 3, 3, 3, 3, 3, 3, 3, 3, 3, 3, 3, 3, 3, 3, 3, 3, 3, 3, 3, 3, 3, 0, 0, 0, 0, 0, 0, 0, 0, 0, 0, 0, 0, 0, 0, 0, 0, 0, 0, 0, 0, 0, 0, 0, 0, 0, 0, 0, 0, 0, 0, 0, 0, 0, 0, 0, 0, 0, 0, 0, 0, 0, 0, 0, 0, 0, 0, 0, 0, 0, 0, 0, 0, 0, 0, 0, 0, 0, 0, 0, 0, 0, 0, 0, 0, 0, 0, 0, 0, 0, 0, 0, 0, 0, 0, 0, 0, 0, 0, 0, 0
60,"Scaffold.Maps.Tests.Performance.MapVsTupleDictBench.Dict_TryGetValue_Hit_Count1000",1,"Time","Nanosecond",No,69.97,7444220,32894.895,590850.638884615,1836073.0234026,153621166.11,12142, 12419, 14790, 12555, 12497, 12393, 12370, 12783, 13141, 12599, 12816, 12407, 12136, 12495, 12488, 12398, 12479, 12998, 12189, 12479, 152364, 154904, 153202, 149206, 148846, 152502, 149052, 148494, 154062, 153298, 160686, 149910, 153740, 148738, 150836, 149090, 149580, 150042, 174506, 153678, 6842610, 6844770, 6913600, 6758860, 6893230, 6694770, 6880190, 6972800, 7224250, 7119530, 6793470, 6936490, 7003890, 6820600, 6835890, 7075060, 6846630, 6959770, 7005560, 7444220, 475.29, 448.95, 459.06, 442.76, 448.26, 470.5, 436.33, 454.17, 460.02, 446.44, 454.47, 470.73, 486.07, 461.67, 428.32, 456.14, 456.39, 734.67, 455.24, 432.87, 3411.02, 3324.2, 3356.96, 3317.48, 3393.99, 3374.34, 3480.85, 3658.02, 3640.93, 3342.65, 4407.49, 3398.35, 3403.88, 3378.78, 3404.46, 3346.86, 3358.87, 3419.37, 3354.94, 3343.1, 33191.6, 32055.86, 31708.19, 31806.51, 32763.47, 34112.63, 31584.73, 32889.79, 31732.76, 32179.78, 32259.3, 31980.64, 32548.9, 32199.33, 32996.54, 33127.13, 31778.96, 31793.72, 32607.61, 32976.56, 79510.07, 77791.02, 115205.33, 79523.26, 80091.85, 79473.4, 78292.26, 77821.49, 116700.09, 78427.69, 79685.18, 82877.26, 83127.53, 80291.89, 78395.16, 117054.7, 78669.01, 83492.55, 79354.92, 78514.68, 78692.13, 79436.41, 116629.84, 79764.92, 80897.29, 78629.4, 80294.78, 78605.86, 117865.4, 81160.1, 79658.51, 78100.74, 78088.87, 77102.74, 78166.41, 115909.11, 78719.09, 82711.93, 78738.26, 78142.76, 3592.6, 3460.8, 3878.4, 3508, 4390.2, 3664.4, 3815.6, 3618.4, 4024.2, 3989.8, 3351.8, 3892, 3474.2, 3664.8, 3881.6, 3718.6, 3877.6, 3826, 3433.8, 4427.4, 32900, 34631, 33037, 30360, 33195, 32100, 32477, 32118, 32544, 31933, 32072, 40482, 31615, 30438, 29791, 29570, 32146, 30036, 31836, 31325, 277010, 290435, 305000, 289260, 298985, 301595, 278115, 283090, 285035, 302910, 279045, 277605, 279260, 281725, 301745, 283830, 293130, 282915, 299355, 277975, 48244.6, 37252.6, 52062.8, 36779.6, 37174.2, 36805.4, 36761.8, 41815.4, 39494.6, 36710, 36356.8, 36930.2, 36104.6, 60850, 38004.4, 47749.6, 37995.6, 56439.6, 36506.2, 37306.8, 92.84, 83.53, 110.63, 91.05, 86.27, 96.69, 69.97, 95.44, 74.72, 96.31, 76.3, 100.48, 88.4, 70.66, 100.75, 107, 90.03, 72.72, 75.64, 122.89
61,"Scaffold.Maps.Tests.Performance.MapVsTupleDictBench.Dict_TryGetValue_Hit_Count1000",1,"Allocated","Byte",No,0,0,0,0,0,0,0, 0, 0, 0, 0, 0, 0, 0, 0, 0, 0, 0, 0, 0, 0, 0, 0, 0, 0, 0, 0, 0, 0, 0, 0, 0, 0, 0, 0, 0, 0, 0, 0, 0, 0, 0, 0, 0, 0, 0, 0, 0, 0, 0, 0, 0, 0, 0, 0, 0, 0, 0, 0, 0, 0, 0, 0, 0, 0, 0, 0, 0, 0, 0, 0, 0, 0, 0, 0, 0, 0, 0, 0, 0, 0, 0, 0, 0, 0, 0, 0, 0, 0, 0, 0, 0, 0, 0, 0, 0, 0, 0, 0, 0, 0, 0, 0, 0, 0, 0, 0, 0, 0, 0, 0, 0, 0, 0, 0, 0, 0, 0, 0, 0, 0, 0, 0, 0, 0, 0, 0, 0, 0, 0, 0, 0, 0, 0, 0, 0, 0, 0, 0, 0, 0, 0, 0, 0, 0, 0, 0, 0, 0, 0, 0, 0, 0, 0, 0, 0, 0, 0, 0, 0, 0, 0, 0, 0, 0, 0, 0, 0, 0, 0, 0, 0, 0, 0, 0, 0, 0, 0, 0, 0, 0, 0, 0, 0, 0, 0, 0, 0, 0, 0, 0, 0, 0, 0, 0, 0, 0, 0, 0, 0, 0, 0, 0, 0, 0, 0, 0, 0, 0, 0, 0, 0, 0, 0, 0, 0, 0, 0, 0, 0, 0, 0, 0, 0, 0, 0, 0, 0, 0, 0, 0, 0, 0, 0, 0, 0, 0, 0, 0, 0, 0, 0, 0, 0, 0, 0, 0, 0, 0, 0, 0, 0, 0, 0, 0, 0, 0, 0, 0, 0, 0, 0, 0, 0, 0, 0
62,"Scaffold.Maps.Tests.Performance.MapVsTupleDictBench.Dict_TryGetValue_Hit_Count1000",1,"Gen0","Undefined",No,0,3,0,0.461538461538462,1.08240363688233,120,0, 0, 0, 0, 0, 0, 0, 0, 0, 0, 0, 0, 0, 0, 0, 0, 0, 0, 0, 0, 0, 0, 0, 0, 0, 0, 0, 0, 0, 0, 0, 0, 0, 0, 0, 0, 0, 0, 0, 0, 0, 0, 0, 0, 0, 0, 0, 0, 0, 0, 0, 0, 0, 0, 0, 0, 0, 0, 0, 0, 0, 0, 0, 0, 0, 0, 0, 0, 0, 0, 0, 0, 0, 0, 0, 0, 0, 0, 0, 0, 0, 0, 0, 0, 0, 0, 0, 0, 0, 0, 0, 0, 0, 0, 0, 0, 0, 0, 0, 0, 0, 0, 0, 0, 0, 0, 0, 0, 0, 0, 0, 0, 0, 0, 0, 0, 0, 0, 0, 0, 3, 3, 3, 3, 3, 3, 3, 3, 3, 3, 3, 3, 3, 3, 3, 3, 3, 3, 3, 3, 3, 3, 3, 3, 3, 3, 3, 3, 3, 3, 3, 3, 3, 3, 3, 3, 3, 3, 3, 3, 0, 0, 0, 0, 0, 0, 0, 0, 0, 0, 0, 0, 0, 0, 0, 0, 0, 0, 0, 0, 0, 0, 0, 0, 0, 0, 0, 0, 0, 0, 0, 0, 0, 0, 0, 0, 0, 0, 0, 0, 0, 0, 0, 0, 0, 0, 0, 0, 0, 0, 0, 0, 0, 0, 0, 0, 0, 0, 0, 0, 0, 0, 0, 0, 0, 0, 0, 0, 0, 0, 0, 0, 0, 0, 0, 0, 0, 0, 0, 0, 0, 0, 0, 0, 0, 0, 0, 0, 0, 0, 0, 0, 0, 0, 0, 0, 0, 0, 0, 0
63,"Scaffold.Maps.Tests.Performance.MapVsTupleDictBench.Dict_TryGetValue_Hit_Count1000",1,"Gen1","Undefined",No,0,3,0,0.461538461538462,1.08240363688233,120,0, 0, 0, 0, 0, 0, 0, 0, 0, 0, 0, 0, 0, 0, 0, 0, 0, 0, 0, 0, 0, 0, 0, 0, 0, 0, 0, 0, 0, 0, 0, 0, 0, 0, 0, 0, 0, 0, 0, 0, 0, 0, 0, 0, 0, 0, 0, 0, 0, 0, 0, 0, 0, 0, 0, 0, 0, 0, 0, 0, 0, 0, 0, 0, 0, 0, 0, 0, 0, 0, 0, 0, 0, 0, 0, 0, 0, 0, 0, 0, 0, 0, 0, 0, 0, 0, 0, 0, 0, 0, 0, 0, 0, 0, 0, 0, 0, 0, 0, 0, 0, 0, 0, 0, 0, 0, 0, 0, 0, 0, 0, 0, 0, 0, 0, 0, 0, 0, 0, 0, 3, 3, 3, 3, 3, 3, 3, 3, 3, 3, 3, 3, 3, 3, 3, 3, 3, 3, 3, 3, 3, 3, 3, 3, 3, 3, 3, 3, 3, 3, 3, 3, 3, 3, 3, 3, 3, 3, 3, 3, 0, 0, 0, 0, 0, 0, 0, 0, 0, 0, 0, 0, 0, 0, 0, 0, 0, 0, 0, 0, 0, 0, 0, 0, 0, 0, 0, 0, 0, 0, 0, 0, 0, 0, 0, 0, 0, 0, 0, 0, 0, 0, 0, 0, 0, 0, 0, 0, 0, 0, 0, 0, 0, 0, 0, 0, 0, 0, 0, 0, 0, 0, 0, 0, 0, 0, 0, 0, 0, 0, 0, 0, 0, 0, 0, 0, 0, 0, 0, 0, 0, 0, 0, 0, 0, 0, 0, 0, 0, 0, 0, 0, 0, 0, 0, 0, 0, 0, 0, 0
64,"Scaffold.Maps.Tests.Performance.MapVsTupleDictBench.Dict_TryGetValue_Hit_Count1000",1,"Gen2","Undefined",No,0,3,0,0.461538461538462,1.08240363688233,120,0, 0, 0, 0, 0, 0, 0, 0, 0, 0, 0, 0, 0, 0, 0, 0, 0, 0, 0, 0, 0, 0, 0, 0, 0, 0, 0, 0, 0, 0, 0, 0, 0, 0, 0, 0, 0, 0, 0, 0, 0, 0, 0, 0, 0, 0, 0, 0, 0, 0, 0, 0, 0, 0, 0, 0, 0, 0, 0, 0, 0, 0, 0, 0, 0, 0, 0, 0, 0, 0, 0, 0, 0, 0, 0, 0, 0, 0, 0, 0, 0, 0, 0, 0, 0, 0, 0, 0, 0, 0, 0, 0, 0, 0, 0, 0, 0, 0, 0, 0, 0, 0, 0, 0, 0, 0, 0, 0, 0, 0, 0, 0, 0, 0, 0, 0, 0, 0, 0, 0, 3, 3, 3, 3, 3, 3, 3, 3, 3, 3, 3, 3, 3, 3, 3, 3, 3, 3, 3, 3, 3, 3, 3, 3, 3, 3, 3, 3, 3, 3, 3, 3, 3, 3, 3, 3, 3, 3, 3, 3, 0, 0, 0, 0, 0, 0, 0, 0, 0, 0, 0, 0, 0, 0, 0, 0, 0, 0, 0, 0, 0, 0, 0, 0, 0, 0, 0, 0, 0, 0, 0, 0, 0, 0, 0, 0, 0, 0, 0, 0, 0, 0, 0, 0, 0, 0, 0, 0, 0, 0, 0, 0, 0, 0, 0, 0, 0, 0, 0, 0, 0, 0, 0, 0, 0, 0, 0, 0, 0, 0, 0, 0, 0, 0, 0, 0, 0, 0, 0, 0, 0, 0, 0, 0, 0, 0, 0, 0, 0, 0, 0, 0, 0, 0, 0, 0, 0, 0, 0, 0
65,"Scaffold.Maps.Tests.Performance.MapVsTupleDictBench.Map_Add_FromEmpty_Count10",1,"Time","Nanosecond",No,69.97,7444220,32132,549071.361107143,1775685.31312386,153739981.11,12142, 12419, 14790, 12555, 12497, 12393, 12370, 12783, 13141, 12599, 12816, 12407, 12136, 12495, 12488, 12398, 12479, 12998, 12189, 12479, 152364, 154904, 153202, 149206, 148846, 152502, 149052, 148494, 154062, 153298, 160686, 149910, 153740, 148738, 150836, 149090, 149580, 150042, 174506, 153678, 6842610, 6844770, 6913600, 6758860, 6893230, 6694770, 6880190, 6972800, 7224250, 7119530, 6793470, 6936490, 7003890, 6820600, 6835890, 7075060, 6846630, 6959770, 7005560, 7444220, 475.29, 448.95, 459.06, 442.76, 448.26, 470.5, 436.33, 454.17, 460.02, 446.44, 454.47, 470.73, 486.07, 461.67, 428.32, 456.14, 456.39, 734.67, 455.24, 432.87, 3411.02, 3324.2, 3356.96, 3317.48, 3393.99, 3374.34, 3480.85, 3658.02, 3640.93, 3342.65, 4407.49, 3398.35, 3403.88, 3378.78, 3404.46, 3346.86, 3358.87, 3419.37, 3354.94, 3343.1, 33191.6, 32055.86, 31708.19, 31806.51, 32763.47, 34112.63, 31584.73, 32889.79, 31732.76, 32179.78, 32259.3, 31980.64, 32548.9, 32199.33, 32996.54, 33127.13, 31778.96, 31793.72, 32607.61, 32976.56, 79510.07, 77791.02, 115205.33, 79523.26, 80091.85, 79473.4, 78292.26, 77821.49, 116700.09, 78427.69, 79685.18, 82877.26, 83127.53, 80291.89, 78395.16, 117054.7, 78669.01, 83492.55, 79354.92, 78514.68, 78692.13, 79436.41, 116629.84, 79764.92, 80897.29, 78629.4, 80294.78, 78605.86, 117865.4, 81160.1, 79658.51, 78100.74, 78088.87, 77102.74, 78166.41, 115909.11, 78719.09, 82711.93, 78738.26, 78142.76, 3592.6, 3460.8, 3878.4, 3508, 4390.2, 3664.4, 3815.6, 3618.4, 4024.2, 3989.8, 3351.8, 3892, 3474.2, 3664.8, 3881.6, 3718.6, 3877.6, 3826, 3433.8, 4427.4, 32900, 34631, 33037, 30360, 33195, 32100, 32477, 32118, 32544, 31933, 32072, 40482, 31615, 30438, 29791, 29570, 32146, 30036, 31836, 31325, 277010, 290435, 305000, 289260, 298985, 301595, 278115, 283090, 285035, 302910, 279045, 277605, 279260, 281725, 301745, 283830, 293130, 282915, 299355, 277975, 48244.6, 37252.6, 52062.8, 36779.6, 37174.2, 36805.4, 36761.8, 41815.4, 39494.6, 36710, 36356.8, 36930.2, 36104.6, 60850, 38004.4, 47749.6, 37995.6, 56439.6, 36506.2, 37306.8, 92.84, 83.53, 110.63, 91.05, 86.27, 96.69, 69.97, 95.44, 74.72, 96.31, 76.3, 100.48, 88.4, 70.66, 100.75, 107, 90.03, 72.72, 75.64, 122.89, 5847.2, 5792.8, 5942.2, 5857.6, 7869.8, 5875.8, 6562, 5885.4, 5497.6, 5980.4, 5409.6, 5865.8, 5385, 5887.4, 5867.4, 5567, 6110, 5961.6, 5805.6, 5844.8
66,"Scaffold.Maps.Tests.Performance.MapVsTupleDictBench.Map_Add_FromEmpty_Count10",1,"Allocated","Byte",No,0,0,0,0,0,0,0, 0, 0, 0, 0, 0, 0, 0, 0, 0, 0, 0, 0, 0, 0, 0, 0, 0, 0, 0, 0, 0, 0, 0, 0, 0, 0, 0, 0, 0, 0, 0, 0, 0, 0, 0, 0, 0, 0, 0, 0, 0, 0, 0, 0, 0, 0, 0, 0, 0, 0, 0, 0, 0, 0, 0, 0, 0, 0, 0, 0, 0, 0, 0, 0, 0, 0, 0, 0, 0, 0, 0, 0, 0, 0, 0, 0, 0, 0, 0, 0, 0, 0, 0, 0, 0, 0, 0, 0, 0, 0, 0, 0, 0, 0, 0, 0, 0, 0, 0, 0, 0, 0, 0, 0, 0, 0, 0, 0, 0, 0, 0, 0, 0, 0, 0, 0, 0, 0, 0, 0, 0, 0, 0, 0, 0, 0, 0, 0, 0, 0, 0, 0, 0, 0, 0, 0, 0, 0, 0, 0, 0, 0, 0, 0, 0, 0, 0, 0, 0, 0, 0, 0, 0, 0, 0, 0, 0, 0, 0, 0, 0, 0, 0, 0, 0, 0, 0, 0, 0, 0, 0, 0, 0, 0, 0, 0, 0, 0, 0, 0, 0, 0, 0, 0, 0, 0, 0, 0, 0, 0, 0, 0, 0, 0, 0, 0, 0, 0, 0, 0, 0, 0, 0, 0, 0, 0, 0, 0, 0, 0, 0, 0, 0, 0, 0, 0, 0, 0, 0, 0, 0, 0, 0, 0, 0, 0, 0, 0, 0, 0, 0, 0, 0, 0, 0, 0, 0, 0, 0, 0, 0, 0, 0, 0, 0, 0, 0, 0, 0, 0, 0, 0, 0, 0, 0, 0, 0, 0, 0, 0, 0, 0, 0, 0, 0, 0, 0, 0, 0, 0, 0, 0, 0, 0, 0, 0, 0, 0, 0
67,"Scaffold.Maps.Tests.Performance.MapVsTupleDictBench.Map_Add_FromEmpty_Count10",1,"Gen0","Undefined",No,0,3,0,0.428571428571429,1.04978131833565,120,0, 0, 0, 0, 0, 0, 0, 0, 0, 0, 0, 0, 0, 0, 0, 0, 0, 0, 0, 0, 0, 0, 0, 0, 0, 0, 0, 0, 0, 0, 0, 0, 0, 0, 0, 0, 0, 0, 0, 0, 0, 0, 0, 0, 0, 0, 0, 0, 0, 0, 0, 0, 0, 0, 0, 0, 0, 0, 0, 0, 0, 0, 0, 0, 0, 0, 0, 0, 0, 0, 0, 0, 0, 0, 0, 0, 0, 0, 0, 0, 0, 0, 0, 0, 0, 0, 0, 0, 0, 0, 0, 0, 0, 0, 0, 0, 0, 0, 0, 0, 0, 0, 0, 0, 0, 0, 0, 0, 0, 0, 0, 0, 0, 0, 0, 0, 0, 0, 0, 0, 3, 3, 3, 3, 3, 3, 3, 3, 3, 3, 3, 3, 3, 3, 3, 3, 3, 3, 3, 3, 3, 3, 3, 3, 3, 3, 3, 3, 3, 3, 3, 3, 3, 3, 3, 3, 3, 3, 3, 3, 0, 0, 0, 0, 0, 0, 0, 0, 0, 0, 0, 0, 0, 0, 0, 0, 0, 0, 0, 0, 0, 0, 0, 0, 0, 0, 0, 0, 0, 0, 0, 0, 0, 0, 0, 0, 0, 0, 0, 0, 0, 0, 0, 0, 0, 0, 0, 0, 0, 0, 0, 0, 0, 0, 0, 0, 0, 0, 0, 0, 0, 0, 0, 0, 0, 0, 0, 0, 0, 0, 0, 0, 0, 0, 0, 0, 0, 0, 0, 0, 0, 0, 0, 0, 0, 0, 0, 0, 0, 0, 0, 0, 0, 0, 0, 0, 0, 0, 0, 0, 0, 0, 0, 0, 0, 0, 0, 0, 0, 0, 0, 0, 0, 0, 0, 0, 0, 0, 0, 0
68,"Scaffold.Maps.Tests.Performance.MapVsTupleDictBench.Map_Add_FromEmpty_Count10",1,"Gen1","Undefined",No,0,3,0,0.428571428571429,1.04978131833565,120,0, 0, 0, 0, 0, 0, 0, 0, 0, 0, 0, 0, 0, 0, 0, 0, 0, 0, 0, 0, 0, 0, 0, 0, 0, 0, 0, 0, 0, 0, 0, 0, 0, 0, 0, 0, 0, 0, 0, 0, 0, 0, 0, 0, 0, 0, 0, 0, 0, 0, 0, 0, 0, 0, 0, 0, 0, 0, 0, 0, 0, 0, 0, 0, 0, 0, 0, 0, 0, 0, 0, 0, 0, 0, 0, 0, 0, 0, 0, 0, 0, 0, 0, 0, 0, 0, 0, 0, 0, 0, 0, 0, 0, 0, 0, 0, 0, 0, 0, 0, 0, 0, 0, 0, 0, 0, 0, 0, 0, 0, 0, 0, 0, 0, 0, 0, 0, 0, 0, 0, 3, 3, 3, 3, 3, 3, 3, 3, 3, 3, 3, 3, 3, 3, 3, 3, 3, 3, 3, 3, 3, 3, 3, 3, 3, 3, 3, 3, 3, 3, 3, 3, 3, 3, 3, 3, 3, 3, 3, 3, 0, 0, 0, 0, 0, 0, 0, 0, 0, 0, 0, 0, 0, 0, 0, 0, 0, 0, 0, 0, 0, 0, 0, 0, 0, 0, 0, 0, 0, 0, 0, 0, 0, 0, 0, 0, 0, 0, 0, 0, 0, 0, 0, 0, 0, 0, 0, 0, 0, 0, 0, 0, 0, 0, 0, 0, 0, 0, 0, 0, 0, 0, 0, 0, 0, 0, 0, 0, 0, 0, 0, 0, 0, 0, 0, 0, 0, 0, 0, 0, 0, 0, 0, 0, 0, 0, 0, 0, 0, 0, 0, 0, 0, 0, 0, 0, 0, 0, 0, 0, 0, 0, 0, 0, 0, 0, 0, 0, 0, 0, 0, 0, 0, 0, 0, 0, 0, 0, 0, 0
69,"Scaffold.Maps.Tests.Performance.MapVsTupleDictBench.Map_Add_FromEmpty_Count10",1,"Gen2","Undefined",No,0,3,0,0.428571428571429,1.04978131833565,120,0, 0, 0, 0, 0, 0, 0, 0, 0, 0, 0, 0, 0, 0, 0, 0, 0, 0, 0, 0, 0, 0, 0, 0, 0, 0, 0, 0, 0, 0, 0, 0, 0, 0, 0, 0, 0, 0, 0, 0, 0, 0, 0, 0, 0, 0, 0, 0, 0, 0, 0, 0, 0, 0, 0, 0, 0, 0, 0, 0, 0, 0, 0, 0, 0, 0, 0, 0, 0, 0, 0, 0, 0, 0, 0, 0, 0, 0, 0, 0, 0, 0, 0, 0, 0, 0, 0, 0, 0, 0, 0, 0, 0, 0, 0, 0, 0, 0, 0, 0, 0, 0, 0, 0, 0, 0, 0, 0, 0, 0, 0, 0, 0, 0, 0, 0, 0, 0, 0, 0, 3, 3, 3, 3, 3, 3, 3, 3, 3, 3, 3, 3, 3, 3, 3, 3, 3, 3, 3, 3, 3, 3, 3, 3, 3, 3, 3, 3, 3, 3, 3, 3, 3, 3, 3, 3, 3, 3, 3, 3, 0, 0, 0, 0, 0, 0, 0, 0, 0, 0, 0, 0, 0, 0, 0, 0, 0, 0, 0, 0, 0, 0, 0, 0, 0, 0, 0, 0, 0, 0, 0, 0, 0, 0, 0, 0, 0, 0, 0, 0, 0, 0, 0, 0, 0, 0, 0, 0, 0, 0, 0, 0, 0, 0, 0, 0, 0, 0, 0, 0, 0, 0, 0, 0, 0, 0, 0, 0, 0, 0, 0, 0, 0, 0, 0, 0, 0, 0, 0, 0, 0, 0, 0, 0, 0, 0, 0, 0, 0, 0, 0, 0, 0, 0, 0, 0, 0, 0, 0, 0, 0, 0, 0, 0, 0, 0, 0, 0, 0, 0, 0, 0, 0, 0, 0, 0, 0, 0, 0, 0
70,"Scaffold.Maps.Tests.Performance.MapVsTupleDictBench.Map_Add_FromEmpty_Count100",1,"Time","Nanosecond",No,69.97,7444220,32894.895,515947.407033333,1719947.04079899,154784222.11,12142, 12419, 14790, 12555, 12497, 12393, 12370, 12783, 13141, 12599, 12816, 12407, 12136, 12495, 12488, 12398, 12479, 12998, 12189, 12479, 152364, 154904, 153202, 149206, 148846, 152502, 149052, 148494, 154062, 153298, 160686, 149910, 153740, 148738, 150836, 149090, 149580, 150042, 174506, 153678, 6842610, 6844770, 6913600, 6758860, 6893230, 6694770, 6880190, 6972800, 7224250, 7119530, 6793470, 6936490, 7003890, 6820600, 6835890, 7075060, 6846630, 6959770, 7005560, 7444220, 475.29, 448.95, 459.06, 442.76, 448.26, 470.5, 436.33, 454.17, 460.02, 446.44, 454.47, 470.73, 486.07, 461.67, 428.32, 456.14, 456.39, 734.67, 455.24, 432.87, 3411.02, 3324.2, 3356.96, 3317.48, 3393.99, 3374.34, 3480.85, 3658.02, 3640.93, 3342.65, 4407.49, 3398.35, 3403.88, 3378.78, 3404.46, 3346.86, 3358.87, 3419.37, 3354.94, 3343.1, 33191.6, 32055.86, 31708.19, 31806.51, 32763.47, 34112.63, 31584.73, 32889.79, 31732.76, 32179.78, 32259.3, 31980.64, 32548.9, 32199.33, 32996.54, 33127.13, 31778.96, 31793.72, 32607.61, 32976.56, 79510.07, 77791.02, 115205.33, 79523.26, 80091.85, 79473.4, 78292.26, 77821.49, 116700.09, 78427.69, 79685.18, 82877.26, 83127.53, 80291.89, 78395.16, 117054.7, 78669.01, 83492.55, 79354.92, 78514.68, 78692.13, 79436.41, 116629.84, 79764.92, 80897.29, 78629.4, 80294.78, 78605.86, 117865.4, 81160.1, 79658.51, 78100.74, 78088.87, 77102.74, 78166.41, 115909.11, 78719.09, 82711.93, 78738.26, 78142.76, 3592.6, 3460.8, 3878.4, 3508, 4390.2, 3664.4, 3815.6, 3618.4, 4024.2, 3989.8, 3351.8, 3892, 3474.2, 3664.8, 3881.6, 3718.6, 3877.6, 3826, 3433.8, 4427.4, 32900, 34631, 33037, 30360, 33195, 32100, 32477, 32118, 32544, 31933, 32072, 40482, 31615, 30438, 29791, 29570, 32146, 30036, 31836, 31325, 277010, 290435, 305000, 289260, 298985, 301595, 278115, 283090, 285035, 302910, 279045, 277605, 279260, 281725, 301745, 283830, 293130, 282915, 299355, 277975, 48244.6, 37252.6, 52062.8, 36779.6, 37174.2, 36805.4, 36761.8, 41815.4, 39494.6, 36710, 36356.8, 36930.2, 36104.6, 60850, 38004.4, 47749.6, 37995.6, 56439.6, 36506.2, 37306.8, 92.84, 83.53, 110.63, 91.05, 86.27, 96.69, 69.97, 95.44, 74.72, 96.31, 76.3, 100.48, 88.4, 70.66, 100.75, 107, 90.03, 72.72, 75.64, 122.89, 5847.2, 5792.8, 5942.2, 5857.6, 7869.8, 5875.8, 6562, 5885.4, 5497.6, 5980.4, 5409.6, 5865.8, 5385, 5887.4, 5867.4, 5567, 6110, 5961.6, 5805.6, 5844.8, 52548, 47541, 60501, 49014, 50611, 47580, 48492, 49576, 52803, 51484, 49539, 50261, 47401, 51748, 47661, 65529, 72071, 49331, 49777, 50773
71,"Scaffold.Maps.Tests.Performance.MapVsTupleDictBench.Map_Add_FromEmpty_Count100",1,"Allocated","Byte",No,0,0,0,0,0,0,0, 0, 0, 0, 0, 0, 0, 0, 0, 0, 0, 0, 0, 0, 0, 0, 0, 0, 0, 0, 0, 0, 0, 0, 0, 0, 0, 0, 0, 0, 0, 0, 0, 0, 0, 0, 0, 0, 0, 0, 0, 0, 0, 0, 0, 0, 0, 0, 0, 0, 0, 0, 0, 0, 0, 0, 0, 0, 0, 0, 0, 0, 0, 0, 0, 0, 0, 0, 0, 0, 0, 0, 0, 0, 0, 0, 0, 0, 0, 0, 0, 0, 0, 0, 0, 0, 0, 0, 0, 0, 0, 0, 0, 0, 0, 0, 0, 0, 0, 0, 0, 0, 0, 0, 0, 0, 0, 0, 0, 0, 0, 0, 0, 0, 0, 0, 0, 0, 0, 0, 0, 0, 0, 0, 0, 0, 0, 0, 0, 0, 0, 0, 0, 0, 0, 0, 0, 0, 0, 0, 0, 0, 0, 0, 0, 0, 0, 0, 0, 0, 0, 0, 0, 0, 0, 0, 0, 0, 0, 0, 0, 0, 0, 0, 0, 0, 0, 0, 0, 0, 0, 0, 0, 0, 0, 0, 0, 0, 0, 0, 0, 0, 0, 0, 0, 0, 0, 0, 0, 0, 0, 0, 0, 0, 0, 0, 0, 0, 0, 0, 0, 0, 0, 0, 0, 0, 0, 0, 0, 0, 0, 0, 0, 0, 0, 0, 0, 0, 0, 0, 0, 0, 0, 0, 0, 0, 0, 0, 0, 0, 0, 0, 0, 0, 0, 0, 0, 0, 0, 0, 0, 0, 0, 0, 0, 0, 0, 0, 0, 0, 0, 0, 0, 0, 0, 0, 0, 0, 0, 0, 0, 0, 0, 0, 0, 0, 0, 0, 0, 0, 0, 0, 0, 0, 0, 0, 0, 0, 0, 0, 0, 0, 0, 0, 0, 0, 0, 0, 0, 0, 0, 0, 0, 0, 0, 0, 0, 0, 0, 0
72,"Scaffold.Maps.Tests.Performance.MapVsTupleDictBench.Map_Add_FromEmpty_Count100",1,"Gen0","Undefined",No,0,3,0,0.4,1.01980390271856,120,0, 0, 0, 0, 0, 0, 0, 0, 0, 0, 0, 0, 0, 0, 0, 0, 0, 0, 0, 0, 0, 0, 0, 0, 0, 0, 0, 0, 0, 0, 0, 0, 0, 0, 0, 0, 0, 0, 0, 0, 0, 0, 0, 0, 0, 0, 0, 0, 0, 0, 0, 0, 0, 0, 0, 0, 0, 0, 0, 0, 0, 0, 0, 0, 0, 0, 0, 0, 0, 0, 0, 0, 0, 0, 0, 0, 0, 0, 0, 0, 0, 0, 0, 0, 0, 0, 0, 0, 0, 0, 0, 0, 0, 0, 0, 0, 0, 0, 0, 0, 0, 0, 0, 0, 0, 0, 0, 0, 0, 0, 0, 0, 0, 0, 0, 0, 0, 0, 0, 0, 3, 3, 3, 3, 3, 3, 3, 3, 3, 3, 3, 3, 3, 3, 3, 3, 3, 3, 3, 3, 3, 3, 3, 3, 3, 3, 3, 3, 3, 3, 3, 3, 3, 3, 3, 3, 3, 3, 3, 3, 0, 0, 0, 0, 0, 0, 0, 0, 0, 0, 0, 0, 0, 0, 0, 0, 0, 0, 0, 0, 0, 0, 0, 0, 0, 0, 0, 0, 0, 0, 0, 0, 0, 0, 0, 0, 0, 0, 0, 0, 0, 0, 0, 0, 0, 0, 0, 0, 0, 0, 0, 0, 0, 0, 0, 0, 0, 0, 0, 0, 0, 0, 0, 0, 0, 0, 0, 0, 0, 0, 0, 0, 0, 0, 0, 0, 0, 0, 0, 0, 0, 0, 0, 0, 0, 0, 0, 0, 0, 0, 0, 0, 0, 0, 0, 0, 0, 0, 0, 0, 0, 0, 0, 0, 0, 0, 0, 0, 0, 0, 0, 0, 0, 0, 0, 0, 0, 0, 0, 0, 0, 0, 0, 0, 0, 0, 0, 0, 0, 0, 0, 0, 0, 0, 0, 0, 0, 0, 0, 0
73,"Scaffold.Maps.Tests.Performance.MapVsTupleDictBench.Map_Add_FromEmpty_Count100",1,"Gen1","Undefined",No,0,3,0,0.4,1.01980390271856,120,0, 0, 0, 0, 0, 0, 0, 0, 0, 0, 0, 0, 0, 0, 0, 0, 0, 0, 0, 0, 0, 0, 0, 0, 0, 0, 0, 0, 0, 0, 0, 0, 0, 0, 0, 0, 0, 0, 0, 0, 0, 0, 0, 0, 0, 0, 0, 0, 0, 0, 0, 0, 0, 0, 0, 0, 0, 0, 0, 0, 0, 0, 0, 0, 0, 0, 0, 0, 0, 0, 0, 0, 0, 0, 0, 0, 0, 0, 0, 0, 0, 0, 0, 0, 0, 0, 0, 0, 0, 0, 0, 0, 0, 0, 0, 0, 0, 0, 0, 0, 0, 0, 0, 0, 0, 0, 0, 0, 0, 0, 0, 0, 0, 0, 0, 0, 0, 0, 0, 0, 3, 3, 3, 3, 3, 3, 3, 3, 3, 3, 3, 3, 3, 3, 3, 3, 3, 3, 3, 3, 3, 3, 3, 3, 3, 3, 3, 3, 3, 3, 3, 3, 3, 3, 3, 3, 3, 3, 3, 3, 0, 0, 0, 0, 0, 0, 0, 0, 0, 0, 0, 0, 0, 0, 0, 0, 0, 0, 0, 0, 0, 0, 0, 0, 0, 0, 0, 0, 0, 0, 0, 0, 0, 0, 0, 0, 0, 0, 0, 0, 0, 0, 0, 0, 0, 0, 0, 0, 0, 0, 0, 0, 0, 0, 0, 0, 0, 0, 0, 0, 0, 0, 0, 0, 0, 0, 0, 0, 0, 0, 0, 0, 0, 0, 0, 0, 0, 0, 0, 0, 0, 0, 0, 0, 0, 0, 0, 0, 0, 0, 0, 0, 0, 0, 0, 0, 0, 0, 0, 0, 0, 0, 0, 0, 0, 0, 0, 0, 0, 0, 0, 0, 0, 0, 0, 0, 0, 0, 0, 0, 0, 0, 0, 0, 0, 0, 0, 0, 0, 0, 0, 0, 0, 0, 0, 0, 0, 0, 0, 0
74,"Scaffold.Maps.Tests.Performance.MapVsTupleDictBench.Map_Add_FromEmpty_Count100",1,"Gen2","Undefined",No,0,3,0,0.4,1.01980390271856,120,0, 0, 0, 0, 0, 0, 0, 0, 0, 0, 0, 0, 0, 0, 0, 0, 0, 0, 0, 0, 0, 0, 0, 0, 0, 0, 0, 0, 0, 0, 0, 0, 0, 0, 0, 0, 0, 0, 0, 0, 0, 0, 0, 0, 0, 0, 0, 0, 0, 0, 0, 0, 0, 0, 0, 0, 0, 0, 0, 0, 0, 0, 0, 0, 0, 0, 0, 0, 0, 0, 0, 0, 0, 0, 0, 0, 0, 0, 0, 0, 0, 0, 0, 0, 0, 0, 0, 0, 0, 0, 0, 0, 0, 0, 0, 0, 0, 0, 0, 0, 0, 0, 0, 0, 0, 0, 0, 0, 0, 0, 0, 0, 0, 0, 0, 0, 0, 0, 0, 0, 3, 3, 3, 3, 3, 3, 3, 3, 3, 3, 3, 3, 3, 3, 3, 3, 3, 3, 3, 3, 3, 3, 3, 3, 3, 3, 3, 3, 3, 3, 3, 3, 3, 3, 3, 3, 3, 3, 3, 3, 0, 0, 0, 0, 0, 0, 0, 0, 0, 0, 0, 0, 0, 0, 0, 0, 0, 0, 0, 0, 0, 0, 0, 0, 0, 0, 0, 0, 0, 0, 0, 0, 0, 0, 0, 0, 0, 0, 0, 0, 0, 0, 0, 0, 0, 0, 0, 0, 0, 0, 0, 0, 0, 0, 0, 0, 0, 0, 0, 0, 0, 0, 0, 0, 0, 0, 0, 0, 0, 0, 0, 0, 0, 0, 0, 0, 0, 0, 0, 0, 0, 0, 0, 0, 0, 0, 0, 0, 0, 0, 0, 0, 0, 0, 0, 0, 0, 0, 0, 0, 0, 0, 0, 0, 0, 0, 0, 0, 0, 0, 0, 0, 0, 0, 0, 0, 0, 0, 0, 0, 0, 0, 0, 0, 0, 0, 0, 0, 0, 0, 0, 0, 0, 0, 0, 0, 0, 0, 0, 0
75,"Scaffold.Maps.Tests.Performance.MapVsTupleDictBench.Map_Add_FromEmpty_Count1000",1,"Time","Nanosecond",No,69.97,7444220,36230.7,514919.13159375,1665393.36128335,164774122.11,12142, 12419, 14790, 12555, 12497, 12393, 12370, 12783, 13141, 12599, 12816, 12407, 12136, 12495, 12488, 12398, 12479, 12998, 12189, 12479, 152364, 154904, 153202, 149206, 148846, 152502, 149052, 148494, 154062, 153298, 160686, 149910, 153740, 148738, 150836, 149090, 149580, 150042, 174506, 153678, 6842610, 6844770, 6913600, 6758860, 6893230, 6694770, 6880190, 6972800, 7224250, 7119530, 6793470, 6936490, 7003890, 6820600, 6835890, 7075060, 6846630, 6959770, 7005560, 7444220, 475.29, 448.95, 459.06, 442.76, 448.26, 470.5, 436.33, 454.17, 460.02, 446.44, 454.47, 470.73, 486.07, 461.67, 428.32, 456.14, 456.39, 734.67, 455.24, 432.87, 3411.02, 3324.2, 3356.96, 3317.48, 3393.99, 3374.34, 3480.85, 3658.02, 3640.93, 3342.65, 4407.49, 3398.35, 3403.88, 3378.78, 3404.46, 3346.86, 3358.87, 3419.37, 3354.94, 3343.1, 33191.6, 32055.86, 31708.19, 31806.51, 32763.47, 34112.63, 31584.73, 32889.79, 31732.76, 32179.78, 32259.3, 31980.64, 32548.9, 32199.33, 32996.54, 33127.13, 31778.96, 31793.72, 32607.61, 32976.56, 79510.07, 77791.02, 115205.33, 79523.26, 80091.85, 79473.4, 78292.26, 77821.49, 116700.09, 78427.69, 79685.18, 82877.26, 83127.53, 80291.89, 78395.16, 117054.7, 78669.01, 83492.55, 79354.92, 78514.68, 78692.13, 79436.41, 116629.84, 79764.92, 80897.29, 78629.4, 80294.78, 78605.86, 117865.4, 81160.1, 79658.51, 78100.74, 78088.87, 77102.74, 78166.41, 115909.11, 78719.09, 82711.93, 78738.26, 78142.76, 3592.6, 3460.8, 3878.4, 3508, 4390.2, 3664.4, 3815.6, 3618.4, 4024.2, 3989.8, 3351.8, 3892, 3474.2, 3664.8, 3881.6, 3718.6, 3877.6, 3826, 3433.8, 4427.4, 32900, 34631, 33037, 30360, 33195, 32100, 32477, 32118, 32544, 31933, 32072, 40482, 31615, 30438, 29791, 29570, 32146, 30036, 31836, 31325, 277010, 290435, 305000, 289260, 298985, 301595, 278115, 283090, 285035, 302910, 279045, 277605, 279260, 281725, 301745, 283830, 293130, 282915, 299355, 277975, 48244.6, 37252.6, 52062.8, 36779.6, 37174.2, 36805.4, 36761.8, 41815.4, 39494.6, 36710, 36356.8, 36930.2, 36104.6, 60850, 38004.4, 47749.6, 37995.6, 56439.6, 36506.2, 37306.8, 92.84, 83.53, 110.63, 91.05, 86.27, 96.69, 69.97, 95.44, 74.72, 96.31, 76.3, 100.48, 88.4, 70.66, 100.75, 107, 90.03, 72.72, 75.64, 122.89, 5847.2, 5792.8, 5942.2, 5857.6, 7869.8, 5875.8, 6562, 5885.4, 5497.6, 5980.4, 5409.6, 5865.8, 5385, 5887.4, 5867.4, 5567, 6110, 5961.6, 5805.6, 5844.8, 52548, 47541, 60501, 49014, 50611, 47580, 48492, 49576, 52803, 51484, 49539, 50261, 47401, 51748, 47661, 65529, 72071, 49331, 49777, 50773, 469985, 460355, 474665, 471115, 467205, 516875, 461200, 481710, 510875, 606480, 695160, 481795, 481865, 472965, 513465, 517655, 480330, 474285, 478870, 473045
76,"Scaffold.Maps.Tests.Performance.MapVsTupleDictBench.Map_Add_FromEmpty_Count1000",1,"Allocated","Byte",No,0,0,0,0,0,0,0, 0, 0, 0, 0, 0, 0, 0, 0, 0, 0, 0, 0, 0, 0, 0, 0, 0, 0, 0, 0, 0, 0, 0, 0, 0, 0, 0, 0, 0, 0, 0, 0, 0, 0, 0, 0, 0, 0, 0, 0, 0, 0, 0, 0, 0, 0, 0, 0, 0, 0, 0, 0, 0, 0, 0, 0, 0, 0, 0, 0, 0, 0, 0, 0, 0, 0, 0, 0, 0, 0, 0, 0, 0, 0, 0, 0, 0, 0, 0, 0, 0, 0, 0, 0, 0, 0, 0, 0, 0, 0, 0, 0, 0, 0, 0, 0, 0, 0, 0, 0, 0, 0, 0, 0, 0, 0, 0, 0, 0, 0, 0, 0, 0, 0, 0, 0, 0, 0, 0, 0, 0, 0, 0, 0, 0, 0, 0, 0, 0, 0, 0, 0, 0, 0, 0, 0, 0, 0, 0, 0, 0, 0, 0, 0, 0, 0, 0, 0, 0, 0, 0, 0, 0, 0, 0, 0, 0, 0, 0, 0, 0, 0, 0, 0, 0, 0, 0, 0, 0, 0, 0, 0, 0, 0, 0, 0, 0, 0, 0, 0, 0, 0, 0, 0, 0, 0, 0, 0, 0, 0, 0, 0, 0, 0, 0, 0, 0, 0, 0, 0, 0, 0, 0, 0, 0, 0, 0, 0, 0, 0, 0, 0, 0, 0, 0, 0, 0, 0, 0, 0, 0, 0, 0, 0, 0, 0, 0, 0, 0, 0, 0, 0, 0, 0, 0, 0, 0, 0, 0, 0, 0, 0, 0, 0, 0, 0, 0, 0, 0, 0, 0, 0, 0, 0, 0, 0, 0, 0, 0, 0, 0, 0, 0, 0, 0, 0, 0, 0, 0, 0, 0, 0, 0, 0, 0, 0, 0, 0, 0, 0, 0, 0, 0, 0, 0, 0, 0, 0, 0, 0, 0, 0, 0, 0, 0, 0, 0, 0, 0, 0, 0, 0, 0, 0, 0, 0, 0, 0, 0, 0, 0, 0, 0, 0, 0, 0, 0, 0, 0
77,"Scaffold.Maps.Tests.Performance.MapVsTupleDictBench.Map_Add_FromEmpty_Count1000",1,"Gen0","Undefined",No,0,3,0,0.375,0.992156741649222,120,0, 0, 0, 0, 0, 0, 0, 0, 0, 0, 0, 0, 0, 0, 0, 0, 0, 0, 0, 0, 0, 0, 0, 0, 0, 0, 0, 0, 0, 0, 0, 0, 0, 0, 0, 0, 0, 0, 0, 0, 0, 0, 0, 0, 0, 0, 0, 0, 0, 0, 0, 0, 0, 0, 0, 0, 0, 0, 0, 0, 0, 0, 0, 0, 0, 0, 0, 0, 0, 0, 0, 0, 0, 0, 0, 0, 0, 0, 0, 0, 0, 0, 0, 0, 0, 0, 0, 0, 0, 0, 0, 0, 0, 0, 0, 0, 0, 0, 0, 0, 0, 0, 0, 0, 0, 0, 0, 0, 0, 0, 0, 0, 0, 0, 0, 0, 0, 0, 0, 0, 3, 3, 3, 3, 3, 3, 3, 3, 3, 3, 3, 3, 3, 3, 3, 3, 3, 3, 3, 3, 3, 3, 3, 3, 3, 3, 3, 3, 3, 3, 3, 3, 3, 3, 3, 3, 3, 3, 3, 3, 0, 0, 0, 0, 0, 0, 0, 0, 0, 0, 0, 0, 0, 0, 0, 0, 0, 0, 0, 0, 0, 0, 0, 0, 0, 0, 0, 0, 0, 0, 0, 0, 0, 0, 0, 0, 0, 0, 0, 0, 0, 0, 0, 0, 0, 0, 0, 0, 0, 0, 0, 0, 0, 0, 0, 0, 0, 0, 0, 0, 0, 0, 0, 0, 0, 0, 0, 0, 0, 0, 0, 0, 0, 0, 0, 0, 0, 0, 0, 0, 0, 0, 0, 0, 0, 0, 0, 0, 0, 0, 0, 0, 0, 0, 0, 0, 0, 0, 0, 0, 0, 0, 0, 0, 0, 0, 0, 0, 0, 0, 0, 0, 0, 0, 0, 0, 0, 0, 0, 0, 0, 0, 0, 0, 0, 0, 0, 0, 0, 0, 0, 0, 0, 0, 0, 0, 0, 0, 0, 0, 0, 0, 0, 0, 0, 0, 0, 0, 0, 0, 0, 0, 0, 0, 0, 0, 0, 0, 0, 0
78,"Scaffold.Maps.Tests.Performance.MapVsTupleDictBench.Map_Add_FromEmpty_Count1000",1,"Gen1","Undefined",No,0,3,0,0.375,0.992156741649222,120,0, 0, 0, 0, 0, 0, 0, 0, 0, 0, 0, 0, 0, 0, 0, 0, 0, 0, 0, 0, 0, 0, 0, 0, 0, 0, 0, 0, 0, 0, 0, 0, 0, 0, 0, 0, 0, 0, 0, 0, 0, 0, 0, 0, 0, 0, 0, 0, 0, 0, 0, 0, 0, 0, 0, 0, 0, 0, 0, 0, 0, 0, 0, 0, 0, 0, 0, 0, 0, 0, 0, 0, 0, 0, 0, 0, 0, 0, 0, 0, 0, 0, 0, 0, 0, 0, 0, 0, 0, 0, 0, 0, 0, 0, 0, 0, 0, 0, 0, 0, 0, 0, 0, 0, 0, 0, 0, 0, 0, 0, 0, 0, 0, 0, 0, 0, 0, 0, 0, 0, 3, 3, 3, 3, 3, 3, 3, 3, 3, 3, 3, 3, 3, 3, 3, 3, 3, 3, 3, 3, 3, 3, 3, 3, 3, 3, 3, 3, 3, 3, 3, 3, 3, 3, 3, 3, 3, 3, 3, 3, 0, 0, 0, 0, 0, 0, 0, 0, 0, 0, 0, 0, 0, 0, 0, 0, 0, 0, 0, 0, 0, 0, 0, 0, 0, 0, 0, 0, 0, 0, 0, 0, 0, 0, 0, 0, 0, 0, 0, 0, 0, 0, 0, 0, 0, 0, 0, 0, 0, 0, 0, 0, 0, 0, 0, 0, 0, 0, 0, 0, 0, 0, 0, 0, 0, 0, 0, 0, 0, 0, 0, 0, 0, 0, 0, 0, 0, 0, 0, 0, 0, 0, 0, 0, 0, 0, 0, 0, 0, 0, 0, 0, 0, 0, 0, 0, 0, 0, 0, 0, 0, 0, 0, 0, 0, 0, 0, 0, 0, 0, 0, 0, 0, 0, 0, 0, 0, 0, 0, 0, 0, 0, 0, 0, 0, 0, 0, 0, 0, 0, 0, 0, 0, 0, 0, 0, 0, 0, 0, 0, 0, 0, 0, 0, 0, 0, 0, 0, 0, 0, 0, 0, 0, 0, 0, 0, 0, 0, 0, 0
79,"Scaffold.Maps.Tests.Performance.MapVsTupleDictBench.Map_Add_FromEmpty_Count1000",1,"Gen2","Undefined",No,0,3,0,0.375,0.992156741649222,120,0, 0, 0, 0, 0, 0, 0, 0, 0, 0, 0, 0, 0, 0, 0, 0, 0, 0, 0, 0, 0, 0, 0, 0, 0, 0, 0, 0, 0, 0, 0, 0, 0, 0, 0, 0, 0, 0, 0, 0, 0, 0, 0, 0, 0, 0, 0, 0, 0, 0, 0, 0, 0, 0, 0, 0, 0, 0, 0, 0, 0, 0, 0, 0, 0, 0, 0, 0, 0, 0, 0, 0, 0, 0, 0, 0, 0, 0, 0, 0, 0, 0, 0, 0, 0, 0, 0, 0, 0, 0, 0, 0, 0, 0, 0, 0, 0, 0, 0, 0, 0, 0, 0, 0, 0, 0, 0, 0, 0, 0, 0, 0, 0, 0, 0, 0, 0, 0, 0, 0, 3, 3, 3, 3, 3, 3, 3, 3, 3, 3, 3, 3, 3, 3, 3, 3, 3, 3, 3, 3, 3, 3, 3, 3, 3, 3, 3, 3, 3, 3, 3, 3, 3, 3, 3, 3, 3, 3, 3, 3, 0, 0, 0, 0, 0, 0, 0, 0, 0, 0, 0, 0, 0, 0, 0, 0, 0, 0, 0, 0, 0, 0, 0, 0, 0, 0, 0, 0, 0, 0, 0, 0, 0, 0, 0, 0, 0, 0, 0, 0, 0, 0, 0, 0, 0, 0, 0, 0, 0, 0, 0, 0, 0, 0, 0, 0, 0, 0, 0, 0, 0, 0, 0, 0, 0, 0, 0, 0, 0, 0, 0, 0, 0, 0, 0, 0, 0, 0, 0, 0, 0, 0, 0, 0, 0, 0, 0, 0, 0, 0, 0, 0, 0, 0, 0, 0, 0, 0, 0, 0, 0, 0, 0, 0, 0, 0, 0, 0, 0, 0, 0, 0, 0, 0, 0, 0, 0, 0, 0, 0, 0, 0, 0, 0, 0, 0, 0, 0, 0, 0, 0, 0, 0, 0, 0, 0, 0, 0, 0, 0, 0, 0, 0, 0, 0, 0, 0, 0, 0, 0, 0, 0, 0, 0, 0, 0, 0, 0, 0, 0
80,"Scaffold.Maps.Tests.Performance.MapVsTupleDictBench.Map_Foreach_Count1000",1,"Time","Nanosecond",No,69.97,7444220,37651.2,489661.047382353,1618827.0182709,166484756.11,12142, 12419, 14790, 12555, 12497, 12393, 12370, 12783, 13141, 12599, 12816, 12407, 12136, 12495, 12488, 12398, 12479, 12998, 12189, 12479, 152364, 154904, 153202, 149206, 148846, 152502, 149052, 148494, 154062, 153298, 160686, 149910, 153740, 148738, 150836, 149090, 149580, 150042, 174506, 153678, 6842610, 6844770, 6913600, 6758860, 6893230, 6694770, 6880190, 6972800, 7224250, 7119530, 6793470, 6936490, 7003890, 6820600, 6835890, 7075060, 6846630, 6959770, 7005560, 7444220, 475.29, 448.95, 459.06, 442.76, 448.26, 470.5, 436.33, 454.17, 460.02, 446.44, 454.47, 470.73, 486.07, 461.67, 428.32, 456.14, 456.39, 734.67, 455.24, 432.87, 3411.02, 3324.2, 3356.96, 3317.48, 3393.99, 3374.34, 3480.85, 3658.02, 3640.93, 3342.65, 4407.49, 3398.35, 3403.88, 3378.78, 3404.46, 3346.86, 3358.87, 3419.37, 3354.94, 3343.1, 33191.6, 32055.86, 31708.19, 31806.51, 32763.47, 34112.63, 31584.73, 32889.79, 31732.76, 32179.78, 32259.3, 31980.64, 32548.9, 32199.33, 32996.54, 33127.13, 31778.96, 31793.72, 32607.61, 32976.56, 79510.07, 77791.02, 115205.33, 79523.26, 80091.85, 79473.4, 78292.26, 77821.49, 116700.09, 78427.69, 79685.18, 82877.26, 83127.53, 80291.89, 78395.16, 117054.7, 78669.01, 83492.55, 79354.92, 78514.68, 78692.13, 79436.41, 116629.84, 79764.92, 80897.29, 78629.4, 80294.78, 78605.86, 117865.4, 81160.1, 79658.51, 78100.74, 78088.87, 77102.74, 78166.41, 115909.11, 78719.09, 82711.93, 78738.26, 78142.76, 3592.6, 3460.8, 3878.4, 3508, 4390.2, 3664.4, 3815.6, 3618.4, 4024.2, 3989.8, 3351.8, 3892, 3474.2, 3664.8, 3881.6, 3718.6, 3877.6, 3826, 3433.8, 4427.4, 32900, 34631, 33037, 30360, 33195, 32100, 32477, 32118, 32544, 31933, 32072, 40482, 31615, 30438, 29791, 29570, 32146, 30036, 31836, 31325, 277010, 290435, 305000, 289260, 298985, 301595, 278115, 283090, 285035, 302910, 279045, 277605, 279260, 281725, 301745, 283830, 293130, 282915, 299355, 277975, 48244.6, 37252.6, 52062.8, 36779.6, 37174.2, 36805.4, 36761.8, 41815.4, 39494.6, 36710, 36356.8, 36930.2, 36104.6, 60850, 38004.4, 47749.6, 37995.6, 56439.6, 36506.2, 37306.8, 92.84, 83.53, 110.63, 91.05, 86.27, 96.69, 69.97, 95.44, 74.72, 96.31, 76.3, 100.48, 88.4, 70.66, 100.75, 107, 90.03, 72.72, 75.64, 122.89, 5847.2, 5792.8, 5942.2, 5857.6, 7869.8, 5875.8, 6562, 5885.4, 5497.6, 5980.4, 5409.6, 5865.8, 5385, 5887.4, 5867.4, 5567, 6110, 5961.6, 5805.6, 5844.8, 52548, 47541, 60501, 49014, 50611, 47580, 48492, 49576, 52803, 51484, 49539, 50261, 47401, 51748, 47661, 65529, 72071, 49331, 49777, 50773, 469985, 460355, 474665, 471115, 467205, 516875, 461200, 481710, 510875, 606480, 695160, 481795, 481865, 472965, 513465, 517655, 480330, 474285, 478870, 473045, 82425.8, 81630, 91852.4, 83210.8, 81871.2, 81437.2, 81035.4, 81199, 81333, 81095.2, 82628, 82933.6, 81593.8, 81906.4, 84638.4, 91164.4, 81889.4, 82303.4, 132885.8, 81600.8
81,"Scaffold.Maps.Tests.Performance.MapVsTupleDictBench.Map_Foreach_Count1000",1,"Allocated","Byte",No,0,0,0,0,0,0,0, 0, 0, 0, 0, 0, 0, 0, 0, 0, 0, 0, 0, 0, 0, 0, 0, 0, 0, 0, 0, 0, 0, 0, 0, 0, 0, 0, 0, 0, 0, 0, 0, 0, 0, 0, 0, 0, 0, 0, 0, 0, 0, 0, 0, 0, 0, 0, 0, 0, 0, 0, 0, 0, 0, 0, 0, 0, 0, 0, 0, 0, 0, 0, 0, 0, 0, 0, 0, 0, 0, 0, 0, 0, 0, 0, 0, 0, 0, 0, 0, 0, 0, 0, 0, 0, 0, 0, 0, 0, 0, 0, 0, 0, 0, 0, 0, 0, 0, 0, 0, 0, 0, 0, 0, 0, 0, 0, 0, 0, 0, 0, 0, 0, 0, 0, 0, 0, 0, 0, 0, 0, 0, 0, 0, 0, 0, 0, 0, 0, 0, 0, 0, 0, 0, 0, 0, 0, 0, 0, 0, 0, 0, 0, 0, 0, 0, 0, 0, 0, 0, 0, 0, 0, 0, 0, 0, 0, 0, 0, 0, 0, 0, 0, 0, 0, 0, 0, 0, 0, 0, 0, 0, 0, 0, 0, 0, 0, 0, 0, 0, 0, 0, 0, 0, 0, 0, 0, 0, 0, 0, 0, 0, 0, 0, 0, 0, 0, 0, 0, 0, 0, 0, 0, 0, 0, 0, 0, 0, 0, 0, 0, 0, 0, 0, 0, 0, 0, 0, 0, 0, 0, 0, 0, 0, 0, 0, 0, 0, 0, 0, 0, 0, 0, 0, 0, 0, 0, 0, 0, 0, 0, 0, 0, 0, 0, 0, 0, 0, 0, 0, 0, 0, 0, 0, 0, 0, 0, 0, 0, 0, 0, 0, 0, 0, 0, 0, 0, 0, 0, 0, 0, 0, 0, 0, 0, 0, 0, 0, 0, 0, 0, 0, 0, 0, 0, 0, 0, 0, 0, 0, 0, 0, 0, 0, 0, 0, 0, 0, 0, 0, 0, 0, 0, 0, 0, 0, 0, 0, 0, 0, 0, 0, 0, 0, 0, 0, 0, 0, 0, 0, 0, 0, 0, 0, 0, 0, 0, 0, 0, 0, 0, 0, 0, 0, 0, 0, 0, 0, 0
82,"Scaffold.Maps.Tests.Performance.MapVsTupleDictBench.Map_Foreach_Count1000",1,"Gen0","Undefined",No,0,3,0,0.352941176470588,0.966569219126761,120,0, 0, 0, 0, 0, 0, 0, 0, 0, 0, 0, 0, 0, 0, 0, 0, 0, 0, 0, 0, 0, 0, 0, 0, 0, 0, 0, 0, 0, 0, 0, 0, 0, 0, 0, 0, 0, 0, 0, 0, 0, 0, 0, 0, 0, 0, 0, 0, 0, 0, 0, 0, 0, 0, 0, 0, 0, 0, 0, 0, 0, 0, 0, 0, 0, 0, 0, 0, 0, 0, 0, 0, 0, 0, 0, 0, 0, 0, 0, 0, 0, 0, 0, 0, 0, 0, 0, 0, 0, 0, 0, 0, 0, 0, 0, 0, 0, 0, 0, 0, 0, 0, 0, 0, 0, 0, 0, 0, 0, 0, 0, 0, 0, 0, 0, 0, 0, 0, 0, 0, 3, 3, 3, 3, 3, 3, 3, 3, 3, 3, 3, 3, 3, 3, 3, 3, 3, 3, 3, 3, 3, 3, 3, 3, 3, 3, 3, 3, 3, 3, 3, 3, 3, 3, 3, 3, 3, 3, 3, 3, 0, 0, 0, 0, 0, 0, 0, 0, 0, 0, 0, 0, 0, 0, 0, 0, 0, 0, 0, 0, 0, 0, 0, 0, 0, 0, 0, 0, 0, 0, 0, 0, 0, 0, 0, 0, 0, 0, 0, 0, 0, 0, 0, 0, 0, 0, 0, 0, 0, 0, 0, 0, 0, 0, 0, 0, 0, 0, 0, 0, 0, 0, 0, 0, 0, 0, 0, 0, 0, 0, 0, 0, 0, 0, 0, 0, 0, 0, 0, 0, 0, 0, 0, 0, 0, 0, 0, 0, 0, 0, 0, 0, 0, 0, 0, 0, 0, 0, 0, 0, 0, 0, 0, 0, 0, 0, 0, 0, 0, 0, 0, 0, 0, 0, 0, 0, 0, 0, 0, 0, 0, 0, 0, 0, 0, 0, 0, 0, 0, 0, 0, 0, 0, 0, 0, 0, 0, 0, 0, 0, 0, 0, 0, 0, 0, 0, 0, 0, 0, 0, 0, 0, 0, 0, 0, 0, 0, 0, 0, 0, 0, 0, 0, 0, 0, 0, 0, 0, 0, 0, 0, 0, 0, 0, 0, 0, 0, 0, 0, 0
83,"Scaffold.Maps.Tests.Performance.MapVsTupleDictBench.Map_Foreach_Count1000",1,"Gen1","Undefined",No,0,3,0,0.352941176470588,0.966569219126761,120,0, 0, 0, 0, 0, 0, 0, 0, 0, 0, 0, 0, 0, 0, 0, 0, 0, 0, 0, 0, 0, 0, 0, 0, 0, 0, 0, 0, 0, 0, 0, 0, 0, 0, 0, 0, 0, 0, 0, 0, 0, 0, 0, 0, 0, 0, 0, 0, 0, 0, 0, 0, 0, 0, 0, 0, 0, 0, 0, 0, 0, 0, 0, 0, 0, 0, 0, 0, 0, 0, 0, 0, 0, 0, 0, 0, 0, 0, 0, 0, 0, 0, 0, 0, 0, 0, 0, 0, 0, 0, 0, 0, 0, 0, 0, 0, 0, 0, 0, 0, 0, 0, 0, 0, 0, 0, 0, 0, 0, 0, 0, 0, 0, 0, 0, 0, 0, 0, 0, 0, 3, 3, 3, 3, 3, 3, 3, 3, 3, 3, 3, 3, 3, 3, 3, 3, 3, 3, 3, 3, 3, 3, 3, 3, 3, 3, 3, 3, 3, 3, 3, 3, 3, 3, 3, 3, 3, 3, 3, 3, 0, 0, 0, 0, 0, 0, 0, 0, 0, 0, 0, 0, 0, 0, 0, 0, 0, 0, 0, 0, 0, 0, 0, 0, 0, 0, 0, 0, 0, 0, 0, 0, 0, 0, 0, 0, 0, 0, 0, 0, 0, 0, 0, 0, 0, 0, 0, 0, 0, 0, 0, 0, 0, 0, 0, 0, 0, 0, 0, 0, 0, 0, 0, 0, 0, 0, 0, 0, 0, 0, 0, 0, 0, 0, 0, 0, 0, 0, 0, 0, 0, 0, 0, 0, 0, 0, 0, 0, 0, 0, 0, 0, 0, 0, 0, 0, 0, 0, 0, 0, 0, 0, 0, 0, 0, 0, 0, 0, 0, 0, 0, 0, 0, 0, 0, 0, 0, 0, 0, 0, 0, 0, 0, 0, 0, 0, 0, 0, 0, 0, 0, 0, 0, 0, 0, 0, 0, 0, 0, 0, 0, 0, 0, 0, 0, 0, 0, 0, 0, 0, 0, 0, 0, 0, 0, 0, 0, 0, 0, 0, 0, 0, 0, 0, 0, 0, 0, 0, 0, 0, 0, 0, 0, 0, 0, 0, 0, 0, 0, 0
84,"Scaffold.Maps.Tests.Performance.MapVsTupleDictBench.Map_Foreach_Count1000",1,"Gen2","Undefined",No,0,3,0,0.352941176470588,0.966569219126761,120,0, 0, 0, 0, 0, 0, 0, 0, 0, 0, 0, 0, 0, 0, 0, 0, 0, 0, 0, 0, 0, 0, 0, 0, 0, 0, 0, 0, 0, 0, 0, 0, 0, 0, 0, 0, 0, 0, 0, 0, 0, 0, 0, 0, 0, 0, 0, 0, 0, 0, 0, 0, 0, 0, 0, 0, 0, 0, 0, 0, 0, 0, 0, 0, 0, 0, 0, 0, 0, 0, 0, 0, 0, 0, 0, 0, 0, 0, 0, 0, 0, 0, 0, 0, 0, 0, 0, 0, 0, 0, 0, 0, 0, 0, 0, 0, 0, 0, 0, 0, 0, 0, 0, 0, 0, 0, 0, 0, 0, 0, 0, 0, 0, 0, 0, 0, 0, 0, 0, 0, 3, 3, 3, 3, 3, 3, 3, 3, 3, 3, 3, 3, 3, 3, 3, 3, 3, 3, 3, 3, 3, 3, 3, 3, 3, 3, 3, 3, 3, 3, 3, 3, 3, 3, 3, 3, 3, 3, 3, 3, 0, 0, 0, 0, 0, 0, 0, 0, 0, 0, 0, 0, 0, 0, 0, 0, 0, 0, 0, 0, 0, 0, 0, 0, 0, 0, 0, 0, 0, 0, 0, 0, 0, 0, 0, 0, 0, 0, 0, 0, 0, 0, 0, 0, 0, 0, 0, 0, 0, 0, 0, 0, 0, 0, 0, 0, 0, 0, 0, 0, 0, 0, 0, 0, 0, 0, 0, 0, 0, 0, 0, 0, 0, 0, 0, 0, 0, 0, 0, 0, 0, 0, 0, 0, 0, 0, 0, 0, 0, 0, 0, 0, 0, 0, 0, 0, 0, 0, 0, 0, 0, 0, 0, 0, 0, 0, 0, 0, 0, 0, 0, 0, 0, 0, 0, 0, 0, 0, 0, 0, 0, 0, 0, 0, 0, 0, 0, 0, 0, 0, 0, 0, 0, 0, 0, 0, 0, 0, 0, 0, 0, 0, 0, 0, 0, 0, 0, 0, 0, 0, 0, 0, 0, 0, 0, 0, 0, 0, 0, 0, 0, 0, 0, 0, 0, 0, 0, 0, 0, 0, 0, 0, 0, 0, 0, 0, 0, 0, 0, 0
85,"Scaffold.Maps.Tests.Performance.MapVsTupleDictBench.Map_TryGetValue_Hit_Count1000",1,"Time","Nanosecond",No,69.97,7444220,36230.7,462466.526055556,1577207.7191119,166487949.38,12142, 12419, 14790, 12555, 12497, 12393, 12370, 12783, 13141, 12599, 12816, 12407, 12136, 12495, 12488, 12398, 12479, 12998, 12189, 12479, 152364, 154904, 153202, 149206, 148846, 152502, 149052, 148494, 154062, 153298, 160686, 149910, 153740, 148738, 150836, 149090, 149580, 150042, 174506, 153678, 6842610, 6844770, 6913600, 6758860, 6893230, 6694770, 6880190, 6972800, 7224250, 7119530, 6793470, 6936490, 7003890, 6820600, 6835890, 7075060, 6846630, 6959770, 7005560, 7444220, 475.29, 448.95, 459.06, 442.76, 448.26, 470.5, 436.33, 454.17, 460.02, 446.44, 454.47, 470.73, 486.07, 461.67, 428.32, 456.14, 456.39, 734.67, 455.24, 432.87, 3411.02, 3324.2, 3356.96, 3317.48, 3393.99, 3374.34, 3480.85, 3658.02, 3640.93, 3342.65, 4407.49, 3398.35, 3403.88, 3378.78, 3404.46, 3346.86, 3358.87, 3419.37, 3354.94, 3343.1, 33191.6, 32055.86, 31708.19, 31806.51, 32763.47, 34112.63, 31584.73, 32889.79, 31732.76, 32179.78, 32259.3, 31980.64, 32548.9, 32199.33, 32996.54, 33127.13, 31778.96, 31793.72, 32607.61, 32976.56, 79510.07, 77791.02, 115205.33, 79523.26, 80091.85, 79473.4, 78292.26, 77821.49, 116700.09, 78427.69, 79685.18, 82877.26, 83127.53, 80291.89, 78395.16, 117054.7, 78669.01, 83492.55, 79354.92, 78514.68, 78692.13, 79436.41, 116629.84, 79764.92, 80897.29, 78629.4, 80294.78, 78605.86, 117865.4, 81160.1, 79658.51, 78100.74, 78088.87, 77102.74, 78166.41, 115909.11, 78719.09, 82711.93, 78738.26, 78142.76, 3592.6, 3460.8, 3878.4, 3508, 4390.2, 3664.4, 3815.6, 3618.4, 4024.2, 3989.8, 3351.8, 3892, 3474.2, 3664.8, 3881.6, 3718.6, 3877.6, 3826, 3433.8, 4427.4, 32900, 34631, 33037, 30360, 33195, 32100, 32477, 32118, 32544, 31933, 32072, 40482, 31615, 30438, 29791, 29570, 32146, 30036, 31836, 31325, 277010, 290435, 305000, 289260, 298985, 301595, 278115, 283090, 285035, 302910, 279045, 277605, 279260, 281725, 301745, 283830, 293130, 282915, 299355, 277975, 48244.6, 37252.6, 52062.8, 36779.6, 37174.2, 36805.4, 36761.8, 41815.4, 39494.6, 36710, 36356.8, 36930.2, 36104.6, 60850, 38004.4, 47749.6, 37995.6, 56439.6, 36506.2, 37306.8, 92.84, 83.53, 110.63, 91.05, 86.27, 96.69, 69.97, 95.44, 74.72, 96.31, 76.3, 100.48, 88.4, 70.66, 100.75, 107, 90.03, 72.72, 75.64, 122.89, 5847.2, 5792.8, 5942.2, 5857.6, 7869.8, 5875.8, 6562, 5885.4, 5497.6, 5980.4, 5409.6, 5865.8, 5385, 5887.4, 5867.4, 5567, 6110, 5961.6, 5805.6, 5844.8, 52548, 47541, 60501, 49014, 50611, 47580, 48492, 49576, 52803, 51484, 49539, 50261, 47401, 51748, 47661, 65529, 72071, 49331, 49777, 50773, 469985, 460355, 474665, 471115, 467205, 516875, 461200, 481710, 510875, 606480, 695160, 481795, 481865, 472965, 513465, 517655, 480330, 474285, 478870, 473045, 82425.8, 81630, 91852.4, 83210.8, 81871.2, 81437.2, 81035.4, 81199, 81333, 81095.2, 82628, 82933.6, 81593.8, 81906.4, 84638.4, 91164.4, 81889.4, 82303.4, 132885.8, 81600.8, 157.62, 137.33, 175.98, 194.76, 165.6, 135, 160.05, 249.91, 147.53, 160.95, 163.42, 144.48, 161.6, 135.75, 159.8, 139.17, 162.97, 142.15, 160.4, 138.8
86,"Scaffold.Maps.Tests.Performance.MapVsTupleDictBench.Map_TryGetValue_Hit_Count1000",1,"Allocated","Byte",No,0,0,0,0,0,0,0, 0, 0, 0, 0, 0, 0, 0, 0, 0, 0, 0, 0, 0, 0, 0, 0, 0, 0, 0, 0, 0, 0, 0, 0, 0, 0, 0, 0, 0, 0, 0, 0, 0, 0, 0, 0, 0, 0, 0, 0, 0, 0, 0, 0, 0, 0, 0, 0, 0, 0, 0, 0, 0, 0, 0, 0, 0, 0, 0, 0, 0, 0, 0, 0, 0, 0, 0, 0, 0, 0, 0, 0, 0, 0, 0, 0, 0, 0, 0, 0, 0, 0, 0, 0, 0, 0, 0, 0, 0, 0, 0, 0, 0, 0, 0, 0, 0, 0, 0, 0, 0, 0, 0, 0, 0, 0, 0, 0, 0, 0, 0, 0, 0, 0, 0, 0, 0, 0, 0, 0, 0, 0, 0, 0, 0, 0, 0, 0, 0, 0, 0, 0, 0, 0, 0, 0, 0, 0, 0, 0, 0, 0, 0, 0, 0, 0, 0, 0, 0, 0, 0, 0, 0, 0, 0, 0, 0, 0, 0, 0, 0, 0, 0, 0, 0, 0, 0, 0, 0, 0, 0, 0, 0, 0, 0, 0, 0, 0, 0, 0, 0, 0, 0, 0, 0, 0, 0, 0, 0, 0, 0, 0, 0, 0, 0, 0, 0, 0, 0, 0, 0, 0, 0, 0, 0, 0, 0, 0, 0, 0, 0, 0, 0, 0, 0, 0, 0, 0, 0, 0, 0, 0, 0, 0, 0, 0, 0, 0, 0, 0, 0, 0, 0, 0, 0, 0, 0, 0, 0, 0, 0, 0, 0, 0, 0, 0, 0, 0, 0, 0, 0, 0, 0, 0, 0, 0, 0, 0, 0, 0, 0, 0, 0, 0, 0, 0, 0, 0, 0, 0, 0, 0, 0, 0, 0, 0, 0, 0, 0, 0, 0, 0, 0, 0, 0, 0, 0, 0, 0, 0, 0, 0, 0, 0, 0, 0, 0, 0, 0, 0, 0, 0, 0, 0, 0, 0, 0, 0, 0, 0, 0, 0, 0, 0, 0, 0, 0, 0, 0, 0, 0, 0, 0, 0, 0, 0, 0, 0, 0, 0, 0, 0, 0, 0, 0, 0, 0, 0, 0, 0, 0, 0, 0, 0, 0, 0, 0, 0, 0, 0, 0, 0, 0, 0, 0, 0, 0, 0, 0
87,"Scaffold.Maps.Tests.Performance.MapVsTupleDictBench.Map_TryGetValue_Hit_Count1000",1,"Gen0","Undefined",No,0,3,0,0.333333333333333,0.942809041582056,120,0, 0, 0, 0, 0, 0, 0, 0, 0, 0, 0, 0, 0, 0, 0, 0, 0, 0, 0, 0, 0, 0, 0, 0, 0, 0, 0, 0, 0, 0, 0, 0, 0, 0, 0, 0, 0, 0, 0, 0, 0, 0, 0, 0, 0, 0, 0, 0, 0, 0, 0, 0, 0, 0, 0, 0, 0, 0, 0, 0, 0, 0, 0, 0, 0, 0, 0, 0, 0, 0, 0, 0, 0, 0, 0, 0, 0, 0, 0, 0, 0, 0, 0, 0, 0, 0, 0, 0, 0, 0, 0, 0, 0, 0, 0, 0, 0, 0, 0, 0, 0, 0, 0, 0, 0, 0, 0, 0, 0, 0, 0, 0, 0, 0, 0, 0, 0, 0, 0, 0, 3, 3, 3, 3, 3, 3, 3, 3, 3, 3, 3, 3, 3, 3, 3, 3, 3, 3, 3, 3, 3, 3, 3, 3, 3, 3, 3, 3, 3, 3, 3, 3, 3, 3, 3, 3, 3, 3, 3, 3, 0, 0, 0, 0, 0, 0, 0, 0, 0, 0, 0, 0, 0, 0, 0, 0, 0, 0, 0, 0, 0, 0, 0, 0, 0, 0, 0, 0, 0, 0, 0, 0, 0, 0, 0, 0, 0, 0, 0, 0, 0, 0, 0, 0, 0, 0, 0, 0, 0, 0, 0, 0, 0, 0, 0, 0, 0, 0, 0, 0, 0, 0, 0, 0, 0, 0, 0, 0, 0, 0, 0, 0, 0, 0, 0, 0, 0, 0, 0, 0, 0, 0, 0, 0, 0, 0, 0, 0, 0, 0, 0, 0, 0, 0, 0, 0, 0, 0, 0, 0, 0, 0, 0, 0, 0, 0, 0, 0, 0, 0, 0, 0, 0, 0, 0, 0, 0, 0, 0, 0, 0, 0, 0, 0, 0, 0, 0, 0, 0, 0, 0, 0, 0, 0, 0, 0, 0, 0, 0, 0, 0, 0, 0, 0, 0, 0, 0, 0, 0, 0, 0, 0, 0, 0, 0, 0, 0, 0, 0, 0, 0, 0, 0, 0, 0, 0, 0, 0, 0, 0, 0, 0, 0, 0, 0, 0, 0, 0, 0, 0, 0, 0, 0, 0, 0, 0, 0, 0, 0, 0, 0, 0, 0, 0, 0, 0, 0, 0, 0, 0
88,"Scaffold.Maps.Tests.Performance.MapVsTupleDictBench.Map_TryGetValue_Hit_Count1000",1,"Gen1","Undefined",No,0,3,0,0.333333333333333,0.942809041582056,120,0, 0, 0, 0, 0, 0, 0, 0, 0, 0, 0, 0, 0, 0, 0, 0, 0, 0, 0, 0, 0, 0, 0, 0, 0, 0, 0, 0, 0, 0, 0, 0, 0, 0, 0, 0, 0, 0, 0, 0, 0, 0, 0, 0, 0, 0, 0, 0, 0, 0, 0, 0, 0, 0, 0, 0, 0, 0, 0, 0, 0, 0, 0, 0, 0, 0, 0, 0, 0, 0, 0, 0, 0, 0, 0, 0, 0, 0, 0, 0, 0, 0, 0, 0, 0, 0, 0, 0, 0, 0, 0, 0, 0, 0, 0, 0, 0, 0, 0, 0, 0, 0, 0, 0, 0, 0, 0, 0, 0, 0, 0, 0, 0, 0, 0, 0, 0, 0, 0, 0, 3, 3, 3, 3, 3, 3, 3, 3, 3, 3, 3, 3, 3, 3, 3, 3, 3, 3, 3, 3, 3, 3, 3, 3, 3, 3, 3, 3, 3, 3, 3, 3, 3, 3, 3, 3, 3, 3, 3, 3, 0, 0, 0, 0, 0, 0, 0, 0, 0, 0, 0, 0, 0, 0, 0, 0, 0, 0, 0, 0, 0, 0, 0, 0, 0, 0, 0, 0, 0, 0, 0, 0, 0, 0, 0, 0, 0, 0, 0, 0, 0, 0, 0, 0, 0, 0, 0, 0, 0, 0, 0, 0, 0, 0, 0, 0, 0, 0, 0, 0, 0, 0, 0, 0, 0, 0, 0, 0, 0, 0, 0, 0, 0, 0, 0, 0, 0, 0, 0, 0, 0, 0, 0, 0, 0, 0, 0, 0, 0, 0, 0, 0, 0, 0, 0, 0, 0, 0, 0, 0, 0, 0, 0, 0, 0, 0, 0, 0, 0, 0, 0, 0, 0, 0, 0, 0, 0, 0, 0, 0, 0, 0, 0, 0, 0, 0, 0, 0, 0, 0, 0, 0, 0, 0, 0, 0, 0, 0, 0, 0, 0, 0, 0, 0, 0, 0, 0, 0, 0, 0, 0, 0, 0, 0, 0, 0, 0, 0, 0, 0, 0, 0, 0, 0, 0, 0, 0, 0, 0, 0, 0, 0, 0, 0, 0, 0, 0, 0, 0, 0, 0, 0, 0, 0, 0, 0, 0, 0, 0, 0, 0, 0, 0, 0, 0, 0, 0, 0, 0, 0
89,"Scaffold.Maps.Tests.Performance.MapVsTupleDictBench.Map_TryGetValue_Hit_Count1000",1,"Gen2","Undefined",No,0,3,0,0.333333333333333,0.942809041582056,120,0, 0, 0, 0, 0, 0, 0, 0, 0, 0, 0, 0, 0, 0, 0, 0, 0, 0, 0, 0, 0, 0, 0, 0, 0, 0, 0, 0, 0, 0, 0, 0, 0, 0, 0, 0, 0, 0, 0, 0, 0, 0, 0, 0, 0, 0, 0, 0, 0, 0, 0, 0, 0, 0, 0, 0, 0, 0, 0, 0, 0, 0, 0, 0, 0, 0, 0, 0, 0, 0, 0, 0, 0, 0, 0, 0, 0, 0, 0, 0, 0, 0, 0, 0, 0, 0, 0, 0, 0, 0, 0, 0, 0, 0, 0, 0, 0, 0, 0, 0, 0, 0, 0, 0, 0, 0, 0, 0, 0, 0, 0, 0, 0, 0, 0, 0, 0, 0, 0, 0, 3, 3, 3, 3, 3, 3, 3, 3, 3, 3, 3, 3, 3, 3, 3, 3, 3, 3, 3, 3, 3, 3, 3, 3, 3, 3, 3, 3, 3, 3, 3, 3, 3, 3, 3, 3, 3, 3, 3, 3, 0, 0, 0, 0, 0, 0, 0, 0, 0, 0, 0, 0, 0, 0, 0, 0, 0, 0, 0, 0, 0, 0, 0, 0, 0, 0, 0, 0, 0, 0, 0, 0, 0, 0, 0, 0, 0, 0, 0, 0, 0, 0, 0, 0, 0, 0, 0, 0, 0, 0, 0, 0, 0, 0, 0, 0, 0, 0, 0, 0, 0, 0, 0, 0, 0, 0, 0, 0, 0, 0, 0, 0, 0, 0, 0, 0, 0, 0, 0, 0, 0, 0, 0, 0, 0, 0, 0, 0, 0, 0, 0, 0, 0, 0, 0, 0, 0, 0, 0, 0, 0, 0, 0, 0, 0, 0, 0, 0, 0, 0, 0, 0, 0, 0, 0, 0, 0, 0, 0, 0, 0, 0, 0, 0, 0, 0, 0, 0, 0, 0, 0, 0, 0, 0, 0, 0, 0, 0, 0, 0, 0, 0, 0, 0, 0, 0, 0, 0, 0, 0, 0, 0, 0, 0, 0, 0, 0, 0, 0, 0, 0, 0, 0, 0, 0, 0, 0, 0, 0, 0, 0, 0, 0, 0, 0, 0, 0, 0, 0, 0, 0, 0, 0, 0, 0, 0, 0, 0, 0, 0, 0, 0, 0, 0, 0, 0, 0, 0, 0, 0
